source1_entity_id	true_target_id	target_source	name_score	address_score	name_token_set	address_token_set	address_number_overlap	country_match	combined_score	recovery_class
S1-865131206	S3-652513823	S3	0.7272727272727273	0.8148148148148148	0.7272727272727272	0.8148148148148148	1.0	True	0.7666666666666666	ADDRESS_STRONG
S1-57859332	S3-12427791	S3	0.736842105263158	0.782608695652174	0.736842105263158	0.782608695652174	1.0	True	0.7574370709382152	ADDRESS_STRONG
S1-837908386	S3-19216036	S3	0.7142857142857143	0.7948717948717949	0.5714285714285715	0.7948717948717949	1.0	True	0.7505494505494507	ADDRESS_STRONG
S1-900882482	S2-322147227	S2	0.7586206896551724	0.7317073170731707	0.7586206896551724	0.7317073170731707	0.5	True	0.7465096719932717	ADDRESS_STRONG
S1-311090979	S3-651529833	S3	0.7272727272727272	0.7636363636363636	0.7272727272727272	0.7636363636363636	1.0	True	0.7436363636363637	ADDRESS_STRONG
S1-630223771	S3-587424087	S3	0.6857142857142857	0.8095238095238095	0.6857142857142857	0.8095238095238095	0.5	True	0.7414285714285715	ADDRESS_STRONG
S1-842497118	S2-324185926	S2	0.6956521739130435	0.7540983606557377	0.6956521739130435	0.7540983606557377	0.5	True	0.7219529579472559	ADDRESS_STRONG
S1-358447941	S3-29299865	S3	0.6666666666666667	0.7636363636363636	0.6666666666666665	0.7636363636363636	0.6666666666666666	True	0.7103030303030304	ADDRESS_STRONG
S1-785336105	S3-363331884	S3	0.6086956521739131	0.7804878048780488	0.6086956521739131	0.7804878048780488	0.6666666666666666	True	0.6860021208907743	ADDRESS_STRONG
S1-519482575	S2-599641873	S2	0.5217391304347826	0.8153846153846155	0.5217391304347826	0.8153846153846155	0.5	True	0.6538795986622075	ADDRESS_STRONG
S1-66358218	S3-845831671	S3	0.38095238095238093	0.8163265306122449	0.2857142857142857	0.8163265306122449	1.0	True	0.5768707482993197	ADDRESS_STRONG
S1-506296494	S2-757441199	S2	0.32	0.7586206896551724	0.32	0.689655172413793	1.0	True	0.5173793103448276	ADDRESS_STRONG
S1-915479091	S2-155091128	S2	0.2727272727272727	0.8	0.18181818181818188	0.8	1.0	True	0.51	ADDRESS_STRONG
S1-915479091	S2-369580474	S2	0.2222222222222223	0.8	0.2222222222222223	0.8	1.0	True	0.48222222222222233	ADDRESS_STRONG
S1-360909582	S3-928751934	S3	0.24242424242424243	0.7674418604651163	0.18181818181818188	0.736842105263158	1.0	True	0.47868217054263573	ADDRESS_STRONG
S1-102881886	S3-673002177	S3	0.23529411764705888	0.7647058823529411	0.23529411764705885	0.7647058823529411	0.5	True	0.4735294117647059	ADDRESS_STRONG
S1-908498505	S3-70675543	S3	0.18181818181818188	0.7352941176470589	0.18181818181818188	0.7352941176470589	0.5	True	0.43088235294117655	ADDRESS_STRONG
S1-574943722	S3-675433997	S3	0.17647058823529416	0.7297297297297297	0.17647058823529405	0.7297297297297297	0.5	True	0.42543720190779016	ADDRESS_STRONG
S1-630223771	S3-815538600	S3	0.0	0.8095238095238095	0.0	0.8095238095238095	0.5	True	0.3642857142857143	ADDRESS_STRONG
S1-981346708	S2-465848431	S2	0.0	0.8	0.0	0.7924528301886792	1.0	True	0.36000000000000004	ADDRESS_STRONG
S1-597762257	S3-426660831	S3	0.0	0.7916666666666667	0.0	0.7916666666666667	0.5	True	0.35625000000000007	ADDRESS_STRONG
S1-246478198	S2-296004580	S2	0.0	0.7777777777777778	0.0	0.7457627118644068	1.0	True	0.35000000000000003	ADDRESS_STRONG
S1-892015074	S3-817353302	S3	0.0	0.7777777777777778	0.0	0.7301587301587301	0.75	True	0.35000000000000003	ADDRESS_STRONG
S1-777555607	S3-10840656	S3	0.0	0.7692307692307692	0.0	0.7692307692307692	1.0	True	0.34615384615384615	ADDRESS_STRONG
S1-630223771	S3-697578371	S3	0.0	0.7586206896551724	0.0	0.7586206896551724	0.5	True	0.3413793103448276	ADDRESS_STRONG
S1-800294363	S2-90945076	S2	0.0	0.7419354838709676	0.0	0.7419354838709676	0.5	True	0.3338709677419354	ADDRESS_STRONG
S1-829348020	S2-19151888	S2	0.0	0.7378640776699029	0.0	0.7378640776699029	0.5	True	0.3320388349514563	ADDRESS_STRONG
S1-766866439	S3-498348336	S3	0.7804878048780488	0.8	0.4390243902439025	0.8	0.3333333333333333	True	0.7892682926829269	COMBINED
S1-904228116	S3-295583017	S3	0.7586206896551724	0.782608695652174	0.41379310344827586	0.782608695652174	0.0	True	0.7694152923538231	COMBINED
S1-251311978	S3-956048801	S3	0.8	0.7037037037037037	0.52	0.6666666666666665	0.5	True	0.7566666666666668	COMBINED
S1-335478469	S3-103297781	S3	0.7555555555555555	0.7547169811320755	0.4888888888888889	0.7547169811320755	0.0	True	0.7551781970649896	COMBINED
S1-552658307	S3-660932884	S3	0.6857142857142857	0.8	0.5142857142857143	0.7692307692307692	0.0	True	0.7371428571428572	COMBINED
S1-942104958	S3-887375431	S3	0.6181818181818182	0.8	0.5454545454545454	0.8	0.3333333333333333	True	0.7000000000000001	COMBINED
S1-417526535	S2-566526014	S2	0.7741935483870968	0.782608695652174	0.7741935483870968	0.782608695652174	0.0	True	0.7779803646563815	NAME_STRONG
S1-584499457	S3-506634954	S3	0.8085106382978724	0.5283018867924528	0.8085106382978724	0.5283018867924528	0.0	True	0.6824167001204337	NAME_STRONG
S1-388325812	S3-197262044	S3	0.7777777777777779	0.5428571428571429	0.7777777777777777	0.5428571428571428	0.0	True	0.6720634920634923	NAME_STRONG
S1-281356776	S3-328402545	S3	0.8181818181818181	0.0	0.8181818181818181	0.0	0.0	True	0.45	NAME_STRONG
S1-633779655	S2-24729487	S2	0.8125	0.0	0.8125	0.0	0.0	True	0.446875	NAME_STRONG
S1-952136084	S2-899756617	S2	0.8085106382978724	0.0	0.8085106382978724	0.0	0.0	True	0.4446808510638299	NAME_STRONG
S1-803590345	S2-719870548	S2	0.7777777777777777	0.0	0.7777777777777777	0.0	0.0	True	0.42777777777777776	NAME_STRONG
S1-716442915	S3-355978425	S3	0.7619047619047619	0.0	0.7619047619047619	0.0	0.0	True	0.41904761904761906	NAME_STRONG
S1-486296456	S2-440266189	S2	0.7567567567567568	0.0	0.7567567567567568	0.0	0.0	True	0.4162162162162163	NAME_STRONG
S1-620608935	S2-830502695	S2	0.7441860465116279	0.0	0.7441860465116279	0.0	0.0	True	0.4093023255813954	NAME_STRONG
S1-795631320	S3-603278752	S3	1.0	1.0	1.0	1.0	1.0	True	1.0	STRONG
S1-925403791	S2-595572022	S2	1.0	1.0	1.0	1.0	1.0	True	1.0	STRONG
S1-511355563	S3-795427322	S3	1.0	1.0	1.0	1.0	0.6666666666666666	True	1.0	STRONG
S1-216511119	S3-700997777	S3	1.0	0.9538461538461539	1.0	0.9538461538461539	1.0	True	0.9792307692307693	STRONG
S1-41217356	S3-272041321	S3	1.0	0.9387755102040817	1.0	0.9387755102040817	0.5	True	0.9724489795918367	STRONG
S1-753180274	S2-122241825	S2	1.0	0.9387755102040817	1.0	0.9387755102040817	0.0	True	0.9724489795918367	STRONG
S1-932539298	S2-780145988	S2	0.9285714285714286	1.0	0.9285714285714286	1.0	0.5	True	0.9607142857142859	STRONG
S1-521605108	S3-725998443	S3	1.0	0.903225806451613	1.0	0.903225806451613	1.0	True	0.9564516129032259	STRONG
S1-953470089	S3-613209073	S3	0.9166666666666667	1.0	0.9166666666666667	1.0	0.0	True	0.9541666666666668	STRONG
S1-410304151	S2-815364211	S2	0.9152542372881356	1.0	0.9152542372881356	1.0	0.5	True	0.9533898305084747	STRONG
S1-724315493	S3-928249286	S3	1.0	0.8947368421052632	1.0	0.8947368421052632	1.0	True	0.9526315789473685	STRONG
S1-71265566	S3-4947094	S3	0.9090909090909091	1.0	0.9090909090909091	1.0	1.0	True	0.95	STRONG
S1-835425265	S2-825851111	S2	1.0	0.8888888888888888	1.0	0.8888888888888888	0.0	True	0.95	STRONG
S1-173971969	S3-210351517	S3	0.9333333333333332	0.9565217391304348	0.9333333333333332	0.9565217391304348	0.0	True	0.943768115942029	STRONG
S1-558634684	S2-536166686	S2	0.8936170212765957	1.0	0.8936170212765957	1.0	1.0	True	0.9414893617021277	STRONG
S1-501296085	S3-328999650	S3	1.0	0.8684210526315789	1.0	0.8684210526315789	0.3333333333333333	True	0.9407894736842106	STRONG
S1-641249328	S2-143628815	S2	1.0	0.8679245283018868	1.0	0.8679245283018868	0.6666666666666666	True	0.9405660377358491	STRONG
S1-71172417	S3-806740086	S3	1.0	0.8636363636363636	1.0	0.8636363636363636	0.0	True	0.9386363636363637	STRONG
S1-96384915	S3-193368378	S3	1.0	0.8627450980392157	1.0	0.8627450980392157	0.0	True	0.9382352941176471	STRONG
S1-837908386	S2-178477919	S2	0.9375	0.9387755102040817	0.9375	0.9387755102040817	0.5	True	0.9380739795918367	STRONG
S1-125331877	S3-898976397	S3	0.9302325581395349	0.9454545454545454	0.9302325581395349	0.9454545454545454	0.6	True	0.9370824524312897	STRONG
S1-42596820	S3-810444824	S3	1.0	0.8571428571428571	1.0	0.8571428571428571	0.3333333333333333	True	0.9357142857142857	STRONG
S1-500552277	S3-628706426	S3	1.0	0.8524590163934427	1.0	0.8524590163934427	1.0	True	0.9336065573770493	STRONG
S1-27158214	S2-614863359	S2	1.0	0.851063829787234	1.0	0.851063829787234	1.0	True	0.9329787234042554	STRONG
S1-238012566	S3-538256219	S3	0.9433962264150944	0.9189189189189189	0.9433962264150944	0.9189189189189189	1.0	True	0.9323814380418154	STRONG
S1-648894561	S3-829470335	S3	1.0	0.8461538461538461	1.0	0.8461538461538461	0.6666666666666666	True	0.9307692307692308	STRONG
S1-726860670	S3-165705146	S3	1.0	0.8421052631578948	1.0	0.8421052631578948	1.0	True	0.9289473684210527	STRONG
S1-499302167	S3-909488329	S3	1.0	0.8395061728395062	1.0	0.8395061728395062	1.0	True	0.9277777777777778	STRONG
S1-387418200	S3-373656844	S3	1.0	0.8378378378378379	1.0	0.8378378378378377	1.0	True	0.9270270270270271	STRONG
S1-338830003	S3-633453278	S3	1.0	0.8307692307692308	1.0	0.8307692307692308	0.0	True	0.923846153846154	STRONG
S1-403028834	S2-702709324	S2	0.8979591836734694	0.9523809523809524	0.8979591836734694	0.9523809523809524	1.0	True	0.9224489795918368	STRONG
S1-645147697	S2-553207883	S2	1.0	0.826086956521739	1.0	0.826086956521739	1.0	True	0.9217391304347826	STRONG
S1-906572599	S2-665974142	S2	1.0	0.8253968253968255	1.0	0.8253968253968255	0.2	True	0.9214285714285715	STRONG
S1-754570857	S3-498973708	S3	1.0	0.8181818181818181	1.0	0.8181818181818181	0.3333333333333333	True	0.9181818181818182	STRONG
S1-216511119	S3-245059775	S3	0.851063829787234	1.0	0.851063829787234	1.0	1.0	True	0.9180851063829788	STRONG
S1-208942438	S2-700660628	S2	0.8493150684931507	1.0	0.8493150684931507	1.0	1.0	True	0.917123287671233	STRONG
S1-223621109	S3-548341368	S3	0.8947368421052632	0.9433962264150944	0.8947368421052632	0.9433962264150944	0.3333333333333333	True	0.9166335650446873	STRONG
S1-630839433	S2-555688690	S2	0.9090909090909091	0.923076923076923	0.9090909090909091	0.923076923076923	1.0	True	0.9153846153846154	STRONG
S1-208942438	S3-514453547	S3	0.9253731343283582	0.896551724137931	0.9253731343283582	0.896551724137931	1.0	True	0.9124034997426661	STRONG
S1-800915873	S3-595714899	S3	0.9135802469135803	0.9090909090909091	0.9135802469135803	0.9090909090909091	1.0	True	0.9115600448933783	STRONG
S1-958740646	S3-897268381	S3	1.0	0.8	1.0	0.8	1.0	True	0.9100000000000001	STRONG
S1-992003464	S2-762264647	S2	0.9285714285714286	0.8846153846153847	0.9285714285714286	0.8846153846153847	0.75	True	0.9087912087912089	STRONG
S1-552720726	S2-524158368	S2	0.9047619047619048	0.9090909090909091	0.9047619047619048	0.9090909090909091	0.5	True	0.9067099567099568	STRONG
S1-959189311	S2-151292966	S2	0.8888888888888888	0.9259259259259259	0.8888888888888888	0.9259259259259259	1.0	True	0.9055555555555557	STRONG
S1-644411036	S2-642960929	S2	0.9565217391304348	0.8421052631578948	0.9565217391304348	0.8421052631578948	0.0	True	0.9050343249427919	STRONG
S1-418423816	S2-244371989	S2	0.8831168831168832	0.9310344827586207	0.8831168831168832	0.9310344827586207	0.5	True	0.9046798029556651	STRONG
S1-223621109	S3-15370997	S3	0.8717948717948718	0.9433962264150944	0.8717948717948718	0.9433962264150944	0.3333333333333333	True	0.904015481373972	STRONG
S1-547971316	S2-201545177	S2	1.0	0.7848101265822786	1.0	0.7848101265822786	0.0	True	0.9031645569620255	STRONG
S1-512634625	S2-860706331	S2	0.923076923076923	0.8727272727272728	0.923076923076923	0.8727272727272728	0.3333333333333333	True	0.9004195804195805	STRONG
S1-796024407	S2-560403084	S2	0.9019607843137255	0.8974358974358974	0.9019607843137254	0.8974358974358974	0.3333333333333333	True	0.8999245852187029	STRONG
S1-870254921	S2-769703757	S2	0.9166666666666667	0.8764044943820224	0.9166666666666667	0.8764044943820224	0.0	True	0.8985486891385768	STRONG
S1-652651286	S2-759093679	S2	0.8095238095238095	1.0	0.8095238095238095	1.0	1.0	True	0.8952380952380953	STRONG
S1-705961596	S3-762367919	S3	0.8571428571428572	0.9397590361445783	0.8571428571428571	0.9397590361445783	1.0	True	0.8943201376936317	STRONG
S1-212460801	S2-40562774	S2	0.8461538461538461	0.9491525423728814	0.8461538461538461	0.9491525423728814	1.0	True	0.892503259452412	STRONG
S1-492467148	S2-946846997	S2	0.896551724137931	0.88	0.896551724137931	0.88	0.3333333333333333	True	0.8891034482758622	STRONG
S1-526349990	S3-408891606	S3	0.8947368421052632	0.8787878787878788	0.8947368421052632	0.8787878787878788	1.0	True	0.8875598086124402	STRONG
S1-338840619	S2-624410308	S2	0.8571428571428571	0.923076923076923	0.8571428571428571	0.923076923076923	0.3333333333333333	True	0.8868131868131868	STRONG
S1-536638885	S3-725022233	S3	0.8666666666666667	0.903225806451613	0.8666666666666667	0.903225806451613	1.0	True	0.8831182795698926	STRONG
S1-302710833	S3-77639341	S3	1.0	0.7333333333333333	1.0	0.7333333333333333	0.3333333333333333	True	0.88	STRONG
S1-671445253	S3-806509432	S3	0.8125	0.96	0.8125	0.96	1.0	True	0.8788750000000001	STRONG
S1-500552277	S3-829483271	S3	0.9	0.8524590163934427	0.9	0.8524590163934427	1.0	True	0.8786065573770493	STRONG
S1-140279129	S3-435629068	S3	0.8125	0.9538461538461539	0.8125	0.9538461538461539	1.0	True	0.8761057692307692	STRONG
S1-883973644	S2-346262429	S2	0.9	0.8461538461538461	0.9	0.8461538461538461	1.0	True	0.8757692307692309	STRONG
S1-201376315	S2-535697978	S2	0.9411764705882354	0.7941176470588235	0.9411764705882354	0.7941176470588235	1.0	True	0.875	STRONG
S1-326888389	S3-949078621	S3	0.8727272727272728	0.8732394366197183	0.8727272727272728	0.8732394366197183	0.5	True	0.8729577464788734	STRONG
S1-16609748	S2-54823044	S2	0.9056603773584907	0.8301886792452831	0.9056603773584905	0.8301886792452831	1.0	True	0.8716981132075473	STRONG
S1-419483044	S2-708439842	S2	0.7619047619047619	1.0	0.7619047619047619	1.0	0.0	True	0.8690476190476191	STRONG
S1-143265439	S3-104196677	S3	0.923076923076923	0.8	0.923076923076923	0.8	0.5	True	0.8676923076923078	STRONG
S1-706856946	S3-48972403	S3	0.8518518518518519	0.8846153846153847	0.8518518518518519	0.8846153846153847	0.5	True	0.8665954415954417	STRONG
S1-192327811	S2-622284434	S2	0.8235294117647058	0.9189189189189189	0.8235294117647058	0.9189189189189189	1.0	True	0.8664546899841017	STRONG
S1-92729851	S3-149647877	S3	0.9189189189189189	0.8	0.9189189189189189	0.8	0.0	True	0.8654054054054054	STRONG
S1-455885431	S2-906513579	S2	0.9090909090909091	0.8095238095238095	0.9090909090909091	0.7142857142857143	1.0	True	0.8642857142857143	STRONG
S1-908800416	S3-506993631	S3	0.9302325581395349	0.7792207792207794	0.9302325581395349	0.7012987012987013	1.0	True	0.8622772576260949	STRONG
S1-387418200	S3-281322816	S3	0.9019607843137255	0.8108108108108109	0.9019607843137254	0.8108108108108109	0.0	True	0.860943296237414	STRONG
S1-748364403	S3-940222258	S3	0.8888888888888888	0.825	0.8888888888888888	0.825	1.0	True	0.8601388888888889	STRONG
S1-699955992	S2-619457951	S2	0.8484848484848484	0.8709677419354839	0.8484848484848484	0.8709677419354839	0.0	True	0.8586021505376344	STRONG
S1-491925427	S2-944510200	S2	0.926829268292683	0.7741935483870968	0.926829268292683	0.7741935483870968	1.0	True	0.8581431943351693	STRONG
S1-615738219	S3-6559536	S3	0.8620689655172414	0.8533333333333333	0.8620689655172414	0.8533333333333333	0.0	True	0.8581379310344828	STRONG
S1-306095185	S3-261575641	S3	0.7407407407407408	1.0	0.7407407407407408	1.0	1.0	True	0.8574074074074075	STRONG
S1-703703543	S3-24409234	S3	0.8837209302325582	0.8235294117647058	0.8837209302325582	0.8235294117647058	1.0	True	0.8566347469220247	STRONG
S1-965549055	S3-537422052	S3	0.8666666666666667	0.84375	0.8666666666666667	0.84375	1.0	True	0.8563541666666667	STRONG
S1-2092817	S3-752797834	S3	0.8947368421052632	0.8064516129032258	0.8947368421052632	0.8064516129032258	1.0	True	0.8550084889643463	STRONG
S1-41217356	S2-59327396	S2	0.8620689655172414	0.8461538461538461	0.8620689655172414	0.8461538461538461	1.0	True	0.8549071618037136	STRONG
S1-851869949	S2-915265864	S2	0.8076923076923077	0.912280701754386	0.8076923076923077	0.912280701754386	0.0	True	0.8547570850202431	STRONG
S1-744315333	S3-100306586	S3	0.8717948717948718	0.8333333333333335	0.8717948717948718	0.8333333333333333	0.0	True	0.8544871794871796	STRONG
S1-47869953	S2-561735610	S2	0.8135593220338982	0.9	0.8135593220338982	0.9	0.0	True	0.8524576271186441	STRONG
S1-756304715	S3-452336654	S3	0.8181818181818181	0.8918918918918919	0.8181818181818181	0.8918918918918919	0.0	True	0.8513513513513513	STRONG
S1-355649086	S3-804821727	S3	0.7777777777777777	0.9411764705882354	0.7777777777777777	0.9411764705882354	0.0	True	0.8513071895424837	STRONG
S1-444149322	S3-633921162	S3	0.9375	0.7407407407407408	0.9375	0.7407407407407408	1.0	True	0.8489583333333334	STRONG
S1-536948776	S2-376450162	S2	0.9285714285714286	0.75	0.9285714285714286	0.6923076923076923	0.6666666666666666	True	0.8482142857142858	STRONG
S1-803590345	S3-728674730	S3	0.7619047619047619	0.9523809523809524	0.7619047619047619	0.9523809523809524	1.0	True	0.8476190476190477	STRONG
S1-262975311	S2-481203540	S2	0.7857142857142857	0.923076923076923	0.7857142857142857	0.923076923076923	0.0	True	0.8475274725274725	STRONG
S1-279145576	S2-129450188	S2	0.7692307692307692	0.9411764705882354	0.717948717948718	0.9411764705882354	0.5	True	0.8466063348416291	STRONG
S1-27158214	S2-909414276	S2	0.8837209302325582	0.8	0.8837209302325582	0.6909090909090909	1.0	True	0.846046511627907	STRONG
S1-235258587	S2-382834148	S2	0.8888888888888888	0.7906976744186046	0.8888888888888888	0.7906976744186046	0.5	True	0.844702842377261	STRONG
S1-63266922	S2-669009722	S2	0.8235294117647058	0.8695652173913043	0.8235294117647058	0.8695652173913043	1.0	True	0.8442455242966752	STRONG
S1-367965660	S3-110382766	S3	0.8421052631578948	0.8461538461538461	0.8421052631578948	0.8461538461538461	1.0	True	0.843927125506073	STRONG
S1-684505968	S3-300894176	S3	0.7906976744186046	0.9056603773584905	0.7906976744186046	0.9056603773584905	1.0	True	0.8424308907415533	STRONG
S1-602775749	S3-630600412	S3	0.8846153846153847	0.7878787878787878	0.8846153846153847	0.7878787878787878	1.0	True	0.8410839160839162	STRONG
S1-328371553	S2-737909912	S2	0.7619047619047619	0.9370629370629371	0.7619047619047619	0.9370629370629371	0.5	True	0.8407259407259408	STRONG
S1-448345019	S3-462678740	S3	0.8571428571428571	0.8163265306122449	0.8571428571428571	0.8163265306122449	0.6666666666666666	True	0.8387755102040817	STRONG
S1-131053132	S2-535908446	S2	0.9019607843137255	0.76	0.9019607843137254	0.76	1.0	True	0.8380784313725491	STRONG
S1-208973592	S2-481660181	S2	0.9142857142857143	0.7391304347826088	0.9142857142857143	0.7391304347826088	1.0	True	0.8354658385093168	STRONG
S1-226564818	S3-439796269	S3	0.8275862068965517	0.8387096774193549	0.8275862068965517	0.8387096774193549	1.0	True	0.8325917686318132	STRONG
S1-680585243	S3-159422096	S3	0.8461538461538461	0.8135593220338982	0.8461538461538461	0.8135593220338982	1.0	True	0.8314863102998696	STRONG
S1-63975497	S3-108066636	S3	0.8571428571428572	0.8	0.8571428571428571	0.8	0.0	True	0.8314285714285715	STRONG
S1-71296969	S3-103767827	S3	0.8	0.8695652173913043	0.8	0.8695652173913043	1.0	True	0.8313043478260871	STRONG
S1-960756168	S3-620228265	S3	0.9	0.7450980392156863	0.9	0.7096774193548387	0.3333333333333333	True	0.8302941176470588	STRONG
S1-644411036	S3-748008326	S3	0.878048780487805	0.7692307692307692	0.878048780487805	0.7076923076923077	0.5	True	0.8290806754221389	STRONG
S1-530687623	S2-805066778	S2	0.8717948717948718	0.7761194029850746	0.8717948717948718	0.7761194029850746	0.5	True	0.8287409108304631	STRONG
S1-533445371	S2-932725445	S2	0.7142857142857143	0.9666666666666667	0.7142857142857143	0.9666666666666667	1.0	True	0.8278571428571428	STRONG
S1-908498505	S2-410769724	S2	0.8	0.8615384615384616	0.8	0.8615384615384616	0.5	True	0.8276923076923077	STRONG
S1-973233920	S3-792460305	S3	0.7777777777777777	0.8813559322033899	0.7777777777777777	0.8813559322033899	0.0	True	0.8243879472693032	STRONG
S1-783056748	S2-835729943	S2	0.7878787878787878	0.8666666666666667	0.7878787878787878	0.8666666666666667	0.25	True	0.8233333333333334	STRONG
S1-506810298	S3-257917123	S3	0.88	0.7446808510638298	0.88	0.7446808510638298	0.3333333333333333	True	0.8191063829787235	STRONG
S1-487408870	S3-282824865	S3	0.8108108108108109	0.8275862068965517	0.8108108108108109	0.8275862068965517	1.0	True	0.8183597390493943	STRONG
S1-419483044	S2-497881051	S2	0.8	0.8387096774193549	0.4	0.8387096774193549	0.0	True	0.8174193548387098	STRONG
S1-284710338	S3-215858960	S3	0.7619047619047619	0.8852459016393442	0.7619047619047619	0.8852459016393442	0.0	True	0.817408274785324	STRONG
S1-639096068	S3-515416988	S3	0.8163265306122449	0.8181818181818181	0.8163265306122449	0.8181818181818181	1.0	True	0.8171614100185529	STRONG
S1-353948236	S3-843946011	S3	0.8205128205128205	0.8115942028985508	0.8205128205128205	0.8115942028985508	1.0	True	0.8164994425863992	STRONG
S1-906572599	S2-791262854	S2	0.8571428571428572	0.7666666666666667	0.8571428571428571	0.7666666666666667	0.2	True	0.8164285714285715	STRONG
S1-360909582	S3-941669819	S3	0.84	0.7868852459016393	0.84	0.7868852459016393	0.0	True	0.8160983606557377	STRONG
S1-801212938	S2-500161656	S2	0.8450704225352113	0.7796610169491526	0.8358208955223881	0.7796610169491526	0.6666666666666666	True	0.8156361900214849	STRONG
S1-942104958	S3-915116552	S3	0.8615384615384616	0.7586206896551724	0.8615384615384616	0.7586206896551724	0.3333333333333333	True	0.8152254641909815	STRONG
S1-279028557	S2-728877716	S2	0.8275862068965517	0.8	0.8275862068965517	0.8	0.0	True	0.8151724137931036	STRONG
S1-261360486	S3-370085344	S3	0.7777777777777779	0.8604651162790699	0.7777777777777777	0.8604651162790699	0.3333333333333333	True	0.8149870801033593	STRONG
S1-723275887	S2-542852582	S2	0.8	0.8314606741573033	0.8	0.8314606741573033	1.0	True	0.8141573033707865	STRONG
S1-666435696	S3-427834989	S3	0.8	0.8301886792452831	0.8	0.8301886792452831	0.0	True	0.8135849056603774	STRONG
S1-388325812	S3-131944817	S3	1.0	0.5833333333333333	1.0	0.5555555555555556	1.0	True	0.8125	STRONG
S1-136894582	S3-975464331	S3	0.9066666666666667	0.6904761904761905	0.9066666666666667	0.6904761904761905	1.0	True	0.8093809523809525	STRONG
S1-367965660	S2-629863367	S2	0.736842105263158	0.8979591836734694	0.5789473684210527	0.8979591836734694	0.0	True	0.8093447905477982	STRONG
S1-356319224	S3-884878054	S3	0.8108108108108109	0.8059701492537313	0.8108108108108109	0.8059701492537313	0.0	True	0.8086325131101251	STRONG
S1-161210403	S3-210777351	S3	0.88	0.72	0.88	0.72	1.0	True	0.808	STRONG
S1-580432162	S3-57098900	S3	0.8888888888888888	0.7058823529411764	0.8888888888888888	0.6818181818181819	1.0	True	0.8065359477124183	STRONG
S1-98579303	S3-719484948	S3	0.6470588235294117	1.0	0.6470588235294117	1.0	1.0	True	0.8058823529411765	STRONG
S1-888167789	S3-73898561	S3	0.8648648648648648	0.7307692307692308	0.8648648648648648	0.7307692307692308	0.0	True	0.8045218295218296	STRONG
S1-241686597	S2-521249860	S2	0.7	0.9302325581395349	0.7	0.9302325581395349	0.0	True	0.8036046511627908	STRONG
S1-506720235	S3-69225334	S3	0.84	0.7586206896551724	0.84	0.7586206896551724	0.0	True	0.8033793103448277	STRONG
S1-216986373	S2-535002552	S2	0.7741935483870968	0.8333333333333333	0.7741935483870968	0.8333333333333333	0.0	True	0.8008064516129032	STRONG
S1-457935815	S2-921287816	S2	0.8444444444444444	0.746268656716418	0.8444444444444444	0.746268656716418	0.5	True	0.8002653399668326	STRONG
S1-973233920	S3-110090880	S3	0.7727272727272728	0.8214285714285714	0.7727272727272728	0.8214285714285714	0.0	True	0.7946428571428572	STRONG
S1-6381641	S3-894616241	S3	0.8936170212765957	0.6666666666666665	0.8936170212765957	0.6666666666666665	1.0	True	0.7914893617021277	STRONG
S1-448345019	S3-452820751	S3	0.6909090909090909	0.9090909090909091	0.43636363636363634	0.9090909090909091	0.6666666666666666	True	0.7890909090909091	STRONG
S1-49535321	S3-354847677	S3	0.7346938775510203	0.851063829787234	0.40816326530612246	0.851063829787234	0.3333333333333333	True	0.7870603560573166	STRONG
S1-543144015	S2-284196531	S2	0.7	0.8888888888888888	0.7	0.8888888888888888	0.5	True	0.7849999999999999	STRONG
S1-932827505	S2-204169449	S2	0.653061224489796	0.9393939393939393	0.5714285714285715	0.9393939393939393	0.3333333333333333	True	0.7819109461966606	STRONG
S1-89160825	S3-700656227	S3	0.8372093023255814	0.7142857142857143	0.8372093023255814	0.7142857142857143	0.0	True	0.7818936877076412	STRONG
S1-483281264	S3-246582348	S3	0.7857142857142857	0.7741935483870968	0.7857142857142857	0.7741935483870968	0.5	True	0.7805299539170507	STRONG
S1-943879014	S3-420174178	S3	0.6	1.0	0.43333333333333335	1.0	0.5	True	0.78	STRONG
S1-701003373	S3-23997241	S3	0.8163265306122449	0.7333333333333334	0.8163265306122449	0.7333333333333333	0.3333333333333333	True	0.7789795918367348	STRONG
S1-824076722	S3-691802600	S3	0.7441860465116279	0.8205128205128205	0.7441860465116279	0.8205128205128205	0.25	True	0.7785330948121647	STRONG
S1-62329201	S2-2637735	S2	0.6818181818181819	0.8923076923076922	0.5	0.8923076923076922	0.0	True	0.7765384615384616	STRONG
S1-460133008	S2-211840924	S2	0.6666666666666666	0.896551724137931	0.5806451612903225	0.896551724137931	1.0	True	0.7701149425287357	STRONG
S1-89093509	S3-3598545	S3	0.6666666666666667	0.8888888888888888	0.4615384615384615	0.8888888888888888	1.0	True	0.7666666666666667	STRONG
S1-28205922	S3-368374810	S3	0.6923076923076923	0.8571428571428571	0.3846153846153846	0.8571428571428571	1.0	True	0.7664835164835164	STRONG
S1-521143416	S2-778845793	S2	0.625	0.9333333333333332	0.625	0.9333333333333332	1.0	True	0.7637499999999999	STRONG
S1-833798119	S3-342879520	S3	0.8648648648648648	0.64	0.8648648648648648	0.64	1.0	True	0.7636756756756757	STRONG
S1-639708214	S2-757495858	S2	0.6956521739130435	0.8461538461538461	0.6956521739130435	0.8461538461538461	0.5	True	0.7633779264214047	STRONG
S1-307708702	S3-466131574	S3	0.8	0.7157894736842105	0.8	0.7076923076923077	0.6666666666666666	True	0.7621052631578948	STRONG
S1-377745466	S3-402918963	S3	0.8	0.7142857142857143	0.8	0.6571428571428573	1.0	True	0.7614285714285716	STRONG
S1-699955992	S3-130546119	S3	0.6956521739130435	0.8358208955223881	0.6956521739130435	0.8358208955223881	0.0	True	0.7587280986372487	STRONG
S1-761888543	S3-168539258	S3	0.8085106382978724	0.6956521739130435	0.8085106382978724	0.6956521739130435	0.0	True	0.7577243293246995	STRONG
S1-797931932	S3-977612403	S3	0.84375	0.6521739130434783	0.84375	0.6521739130434783	0.0	True	0.7575407608695652	STRONG
S1-133037285	S3-33144658	S3	0.6923076923076923	0.8314606741573034	0.6923076923076923	0.8314606741573033	0.0	True	0.7549265341400173	STRONG
S1-90128015	S3-291341707	S3	0.7916666666666667	0.6981132075471698	0.7916666666666667	0.6981132075471698	0.6666666666666666	True	0.7495676100628932	STRONG
S1-745839307	S3-218169504	S3	0.653061224489796	0.8484848484848484	0.5306122448979592	0.8484848484848484	0.5	True	0.7410018552875697	STRONG
S1-989439466	S2-320065734	S2	0.8372093023255814	0.6229508196721312	0.8372093023255814	0.6229508196721312	0.0	True	0.7407929851315289	STRONG
S1-309101313	S2-749718941	S2	0.6190476190476191	0.8860759493670887	0.5714285714285715	0.8860759493670887	0.0	True	0.7392103676913804	STRONG
S1-339374417	S3-242628819	S3	0.5853658536585367	0.9142857142857143	0.4878048780487805	0.9142857142857143	1.0	True	0.7333797909407667	STRONG
S1-323747485	S3-13820604	S3	0.5538461538461539	0.9473684210526315	0.4615384615384615	0.9473684210526315	0.5	True	0.7309311740890689	STRONG
S1-224534945	S2-518930624	S2	0.6349206349206349	0.84375	0.6349206349206349	0.84375	0.5	True	0.7288938492063493	STRONG
S1-422772138	S2-44066783	S2	0.48888888888888893	1.0	0.4	1.0	1.0	True	0.7188888888888889	STRONG
S1-17339733	S3-215898478	S3	0.5357142857142857	0.9361702127659575	0.5	0.9361702127659575	1.0	True	0.715919452887538	STRONG
S1-211026051	S2-15046666	S2	0.45833333333333337	1.0	0.375	1.0	1.0	True	0.7020833333333334	STRONG
S1-98065022	S3-11307508	S3	0.5	0.9148936170212767	0.5	0.9148936170212767	1.0	True	0.6867021276595746	STRONG
S1-883468618	S3-149911356	S3	0.5405405405405406	0.8461538461538461	0.32432432432432434	0.8461538461538461	0.3333333333333333	True	0.6780665280665281	STRONG
S1-912947277	S3-290380069	S3	0.4482758620689655	0.9508196721311475	0.3448275862068965	0.9508196721311475	0.3333333333333333	True	0.6744205765969474	STRONG
S1-697294833	S3-527682590	S3	0.9090909090909091	0.34782608695652173	0.9090909090909091	0.34782608695652173	0.3333333333333333	True	0.6565217391304348	STRONG
S1-335478469	S3-757049552	S3	0.4864864864864865	0.8620689655172414	0.4324324324324324	0.8620689655172414	0.0	True	0.6554986020503263	STRONG
S1-437415597	S2-248645594	S2	0.4545454545454546	0.8648648648648648	0.40909090909090906	0.8648648648648648	1.0	True	0.6391891891891892	STRONG
S1-211026051	S2-160973668	S2	0.2790697674418605	1.0	0.2790697674418605	1.0	1.0	True	0.6034883720930233	STRONG
S1-912947277	S3-159327306	S3	0.31034482758620685	0.9508196721311475	0.24137931034482762	0.9508196721311475	0.3333333333333333	True	0.5985585076314301	STRONG
S1-966027321	S2-4379937	S2	0.25	0.9803921568627452	0.25	0.9803921568627452	1.0	True	0.5786764705882353	STRONG
S1-120433302	S2-44772905	S2	0.2142857142857143	1.0	0.2142857142857143	1.0	1.0	True	0.5678571428571428	STRONG
S1-925403791	S2-39762537	S2	0.2	1.0	0.2	1.0	1.0	True	0.56	STRONG
S1-464518977	S2-882988803	S2	0.27272727272727265	0.9090909090909091	0.27272727272727265	0.9090909090909091	0.5	True	0.5590909090909091	STRONG
S1-549612411	S2-493572232	S2	0.2307692307692308	0.9565217391304348	0.2307692307692308	0.9565217391304348	1.0	True	0.5573578595317726	STRONG
S1-666435696	S2-412678653	S2	0.24242424242424243	0.9302325581395349	0.18181818181818188	0.9302325581395349	0.0	True	0.5519379844961241	STRONG
S1-960126068	S2-433145651	S2	1.0	0.0	1.0	0.0	0.0	True	0.55	STRONG
S1-392219093	S2-936174468	S2	1.0	0.0	1.0	0.0	0.0	True	0.55	STRONG
S1-236963798	S2-111203101	S2	1.0	0.0	1.0	0.0	0.0	True	0.55	STRONG
S1-892577020	S3-471190214	S3	1.0	0.0	1.0	0.0	0.0	True	0.55	STRONG
S1-543291404	S2-728000855	S2	1.0	0.0	1.0	0.0	0.0	True	0.55	STRONG
S1-203667972	S2-227806252	S2	1.0	0.0	1.0	0.0	0.0	True	0.55	STRONG
S1-84838337	S3-532973078	S3	1.0	0.0	1.0	0.0	0.0	True	0.55	STRONG
S1-892577020	S3-586392060	S3	1.0	0.0	1.0	0.0	0.0	True	0.55	STRONG
S1-505090910	S3-198363277	S3	1.0	0.0	1.0	0.0	0.0	True	0.55	STRONG
S1-338840619	S2-711927056	S2	1.0	0.0	1.0	0.0	0.0	True	0.55	STRONG
S1-419235241	S2-331102815	S2	0.24	0.923076923076923	0.16	0.923076923076923	0.5	True	0.5473846153846154	STRONG
S1-780893579	S3-676674812	S3	0.1666666666666667	1.0	0.1666666666666667	1.0	1.0	True	0.5416666666666667	STRONG
S1-535605149	S3-426905497	S3	0.19354838709677424	0.9523809523809524	0.19354838709677424	0.9523809523809524	1.0	True	0.5350230414746544	STRONG
S1-859252896	S2-411261374	S2	0.2307692307692308	0.8823529411764706	0.2307692307692308	0.8823529411764706	1.0	True	0.5239819004524887	STRONG
S1-872302647	S3-56614947	S3	0.9411764705882354	0.0	0.9411764705882354	0.0	0.0	True	0.5176470588235295	STRONG
S1-745450749	S2-51162005	S2	0.9166666666666667	0.0	0.9166666666666667	0.0	0.0	True	0.5041666666666668	STRONG
S1-886002896	S3-664777308	S3	0.9166666666666667	0.0	0.9166666666666667	0.0	0.0	True	0.5041666666666668	STRONG
S1-340817900	S2-798817879	S2	0.9152542372881356	0.0	0.9152542372881356	0.0	0.0	True	0.5033898305084746	STRONG
S1-829420372	S3-601412026	S3	0.9047619047619048	0.0	0.9047619047619048	0.0	0.0	True	0.4976190476190477	STRONG
S1-403028834	S2-92039499	S2	0.19354838709677424	0.8571428571428571	0.19354838709677424	0.8571428571428571	0.0	True	0.49216589861751153	STRONG
S1-159067707	S3-342293148	S3	0.8709677419354839	0.0	0.8709677419354839	0.0	0.0	True	0.47903225806451616	STRONG
S1-829348020	S2-708805610	S2	0.8695652173913043	0.0	0.8695652173913043	0.0	0.0	True	0.4782608695652174	STRONG
S1-603442937	S2-133657619	S2	0.8679245283018868	0.0	0.8679245283018868	0.0	0.0	True	0.4773584905660378	STRONG
S1-226564818	S2-891882828	S2	0.8666666666666667	0.0	0.8666666666666667	0.0	0.0	True	0.47666666666666674	STRONG
S1-80960427	S2-114199102	S2	0.8571428571428571	0.0	0.8571428571428571	0.0	0.0	True	0.4714285714285714	STRONG
S1-618570184	S2-136216991	S2	0.8484848484848484	0.0	0.8484848484848484	0.0	0.0	True	0.4666666666666667	STRONG
S1-464518977	S2-558613710	S2	0.8484848484848484	0.0	0.8484848484848484	0.0	0.0	True	0.4666666666666667	STRONG
S1-761585587	S2-586234138	S2	0.8421052631578948	0.0	0.8421052631578948	0.0	0.0	True	0.46315789473684216	STRONG
S1-435229220	S2-822045027	S2	0.09523809523809523	0.9056603773584905	0.09523809523809518	0.9056603773584905	0.0	True	0.4599281221922731	STRONG
S1-352234501	S2-379384733	S2	0.8205128205128205	0.0	0.8205128205128205	0.0	0.0	True	0.4512820512820513	STRONG
S1-330281696	S3-790582857	S3	0.0	1.0	0.0	1.0	1.0	True	0.45	STRONG
S1-422926253	S3-182229658	S3	0.0	1.0	0.0	1.0	1.0	True	0.45	STRONG
S1-96384267	S2-969855661	S2	0.0	1.0	0.0	1.0	1.0	True	0.45	STRONG
S1-130264484	S2-32411869	S2	0.0	1.0	0.0	1.0	1.0	True	0.45	STRONG
S1-95503899	S2-816744928	S2	0.0	1.0	0.0	1.0	1.0	True	0.45	STRONG
S1-463548524	S2-442263631	S2	0.0	1.0	0.0	1.0	1.0	True	0.45	STRONG
S1-108314429	S2-628035494	S2	0.0	1.0	0.0	1.0	1.0	True	0.45	STRONG
S1-571777559	S2-105253566	S2	0.0	1.0	0.0	1.0	1.0	True	0.45	STRONG
S1-95503899	S2-950137390	S2	0.0	1.0	0.0	1.0	1.0	True	0.45	STRONG
S1-75134768	S2-623236074	S2	0.0	1.0	0.0	1.0	1.0	True	0.45	STRONG
S1-422772138	S2-786010216	S2	0.0	1.0	0.0	1.0	1.0	True	0.45	STRONG
S1-499302167	S2-148775637	S2	0.0	1.0	0.0	1.0	1.0	True	0.45	STRONG
S1-492536604	S2-15424811	S2	0.0	1.0	0.0	1.0	1.0	True	0.45	STRONG
S1-155027115	S2-780856981	S2	0.0	1.0	0.0	1.0	1.0	True	0.45	STRONG
S1-898279595	S2-72739055	S2	0.0	1.0	0.0	1.0	1.0	True	0.45	STRONG
S1-763496609	S2-868047179	S2	0.0	1.0	0.0	1.0	1.0	True	0.45	STRONG
S1-399029451	S2-109155437	S2	0.0	1.0	0.0	1.0	1.0	True	0.45	STRONG
S1-206894799	S2-984757330	S2	0.0	1.0	0.0	1.0	1.0	True	0.45	STRONG
S1-459696014	S2-724357562	S2	0.0	1.0	0.0	1.0	1.0	True	0.45	STRONG
S1-908551239	S3-719062371	S3	0.0	1.0	0.0	1.0	1.0	True	0.45	STRONG
S1-658336143	S2-955208024	S2	0.0	1.0	0.0	1.0	1.0	True	0.45	STRONG
S1-606480359	S2-527210577	S2	0.0	1.0	0.0	1.0	0.8	True	0.45	STRONG
S1-511355563	S2-413889574	S2	0.0	1.0	0.0	1.0	0.6666666666666666	True	0.45	STRONG
S1-128347375	S3-848225821	S3	0.0	1.0	0.0	1.0	0.6666666666666666	True	0.45	STRONG
S1-564729135	S2-327309238	S2	0.0	1.0	0.0	1.0	0.6666666666666666	True	0.45	STRONG
S1-570361411	S2-603890088	S2	0.0	1.0	0.0	1.0	0.5	True	0.45	STRONG
S1-570361411	S2-592744157	S2	0.0	1.0	0.0	1.0	0.5	True	0.45	STRONG
S1-126927804	S3-773054197	S3	0.0	1.0	0.0	1.0	0.5	True	0.45	STRONG
S1-104226194	S3-873691905	S3	0.0	1.0	0.0	1.0	0.5	True	0.45	STRONG
S1-184229550	S2-493006432	S2	0.0	1.0	0.0	1.0	0.5	True	0.45	STRONG
S1-758075760	S3-957484857	S3	0.0	1.0	0.0	1.0	0.5	True	0.45	STRONG
S1-745839307	S2-148602546	S2	0.0	1.0	0.0	1.0	0.5	True	0.45	STRONG
S1-558634684	S2-623955087	S2	0.0	1.0	0.0	1.0	0.5	True	0.45	STRONG
S1-134717804	S2-265461500	S2	0.0	1.0	0.0	1.0	0.5	True	0.45	STRONG
S1-697294833	S2-991665762	S2	0.0	1.0	0.0	1.0	0.5	True	0.45	STRONG
S1-823546667	S2-78487028	S2	0.0	1.0	0.0	1.0	0.5	True	0.45	STRONG
S1-366279397	S2-750964323	S2	0.0	1.0	0.0	1.0	0.5	True	0.45	STRONG
S1-804663373	S2-271689113	S2	0.0	1.0	0.0	1.0	0.5	True	0.45	STRONG
S1-366279397	S2-888421864	S2	0.0	1.0	0.0	1.0	0.5	True	0.45	STRONG
S1-20679780	S3-354586828	S3	0.0	1.0	0.0	1.0	0.5	True	0.45	STRONG
S1-326888389	S2-874419476	S2	0.0	1.0	0.0	1.0	0.5	True	0.45	STRONG
S1-184229550	S3-309100086	S3	0.0	1.0	0.0	1.0	0.5	True	0.45	STRONG
S1-45414958	S3-705745228	S3	0.0	1.0	0.0	1.0	0.5	True	0.45	STRONG
S1-326888389	S2-884357873	S2	0.0	1.0	0.0	1.0	0.5	True	0.45	STRONG
S1-7040061	S2-983983663	S2	0.0	1.0	0.0	1.0	0.3333333333333333	True	0.45	STRONG
S1-366329737	S2-23560385	S2	0.0	1.0	0.0	1.0	0.3333333333333333	True	0.45	STRONG
S1-912508322	S2-276782865	S2	0.0	1.0	0.0	1.0	0.3333333333333333	True	0.45	STRONG
S1-694979060	S3-43468098	S3	0.0	1.0	0.0	1.0	0.0	True	0.45	STRONG
S1-917085859	S2-869027552	S2	0.0	1.0	0.0	1.0	0.0	True	0.45	STRONG
S1-898630961	S3-683805650	S3	0.0	1.0	0.0	1.0	0.0	True	0.45	STRONG
S1-898630961	S2-484694083	S2	0.0	1.0	0.0	1.0	0.0	True	0.45	STRONG
S1-856667356	S2-442224793	S2	0.0	1.0	0.0	1.0	0.0	True	0.45	STRONG
S1-367793476	S3-770171112	S3	0.0	1.0	0.0	1.0	0.0	True	0.45	STRONG
S1-285660164	S3-708196799	S3	0.0	1.0	0.0	1.0	0.0	True	0.45	STRONG
S1-367793476	S2-253699557	S2	0.0	1.0	0.0	1.0	0.0	True	0.45	STRONG
S1-31205819	S2-673077177	S2	0.0	1.0	0.0	1.0	0.0	True	0.45	STRONG
S1-68456921	S2-154545552	S2	0.0	1.0	0.0	1.0	0.0	True	0.45	STRONG
S1-460136045	S2-983138087	S2	0.0	1.0	0.0	1.0	0.0	True	0.45	STRONG
S1-34916446	S3-168863451	S3	0.0	0.9803921568627452	0.0	0.9803921568627452	0.6666666666666666	True	0.44117647058823534	STRONG
S1-51101506	S2-292920646	S2	0.0	0.975	0.0	0.975	0.3333333333333333	True	0.43875	STRONG
S1-535605149	S2-751164711	S2	0.0	0.967741935483871	0.0	0.967741935483871	0.2	True	0.43548387096774194	STRONG
S1-128347375	S3-507291376	S3	0.0	0.9629629629629629	0.0	0.9629629629629629	0.6666666666666666	True	0.4333333333333333	STRONG
S1-386654734	S3-508283569	S3	0.0	0.9615384615384616	0.0	0.9615384615384616	0.8333333333333334	True	0.4326923076923077	STRONG
S1-619314161	S3-928459352	S3	0.0	0.9589041095890412	0.0	0.9589041095890412	1.0	True	0.43150684931506855	STRONG
S1-619314161	S3-60551644	S3	0.0	0.9589041095890412	0.0	0.9589041095890412	1.0	True	0.43150684931506855	STRONG
S1-725482440	S2-656918430	S2	0.0	0.9565217391304348	0.0	0.9565217391304348	0.4	True	0.43043478260869567	STRONG
S1-725482440	S2-897894809	S2	0.0	0.9565217391304348	0.0	0.9565217391304348	0.4	True	0.43043478260869567	STRONG
S1-869118709	S3-73084608	S3	0.0	0.955223880597015	0.0	0.955223880597015	1.0	True	0.42985074626865677	STRONG
S1-858511549	S3-923282919	S3	0.0	0.955223880597015	0.0	0.955223880597015	0.4	True	0.42985074626865677	STRONG
S1-216511119	S3-47618118	S3	0.0	0.9538461538461539	0.0	0.9538461538461539	1.0	True	0.42923076923076925	STRONG
S1-795631320	S3-150741082	S3	0.0	0.9491525423728814	0.0	0.9491525423728814	1.0	True	0.42711864406779665	STRONG
S1-98579303	S3-690119410	S3	0.0	0.9473684210526315	0.0	0.9473684210526315	1.0	True	0.4263157894736842	STRONG
S1-7040061	S3-514292379	S3	0.0	0.9454545454545454	0.0	0.9454545454545454	0.3333333333333333	True	0.4254545454545455	STRONG
S1-126927804	S2-434788498	S2	0.0	0.9444444444444444	0.0	0.9444444444444444	0.5	True	0.425	STRONG
S1-91085118	S2-147057908	S2	0.0	0.9433962264150944	0.0	0.9433962264150944	0.0	True	0.42452830188679247	STRONG
S1-511355563	S3-995810011	S3	0.0	0.9411764705882354	0.0	0.9411764705882354	0.6666666666666666	True	0.42352941176470593	STRONG
S1-430842276	S2-965662594	S2	0.0	0.9367088607594937	0.0	0.9367088607594937	1.0	True	0.4215189873417722	STRONG
S1-648894561	S3-809239143	S3	0.0	0.9361702127659575	0.0	0.9361702127659575	0.6666666666666666	True	0.42127659574468085	STRONG
S1-417074218	S3-387274034	S3	0.0	0.9333333333333332	0.0	0.9333333333333332	1.0	True	0.42	STRONG
S1-909955989	S2-685701568	S2	0.0	0.9333333333333332	0.0	0.9333333333333332	0.5	True	0.42	STRONG
S1-476024246	S3-309211196	S3	0.0	0.9302325581395349	0.0	0.9302325581395349	1.0	True	0.4186046511627907	STRONG
S1-271585788	S3-219339349	S3	0.0	0.9302325581395349	0.0	0.9302325581395349	0.5	True	0.4186046511627907	STRONG
S1-91085118	S2-581064933	S2	0.0	0.9302325581395349	0.0	0.9302325581395349	0.0	True	0.4186046511627907	STRONG
S1-927838010	S3-565425985	S3	0.0	0.9285714285714286	0.0	0.9285714285714286	1.0	True	0.41785714285714287	STRONG
S1-891130183	S3-582732774	S3	0.0	0.926829268292683	0.0	0.926829268292683	1.0	True	0.41707317073170735	STRONG
S1-97581850	S3-60652506	S3	0.0	0.923076923076923	0.0	0.923076923076923	0.5	True	0.41538461538461535	STRONG
S1-460136045	S3-24612219	S3	0.0	0.9189189189189189	0.0	0.9189189189189189	0.0	True	0.4135135135135135	STRONG
S1-216181354	S3-685337179	S3	0.0	0.9166666666666667	0.0	0.9166666666666667	0.25	True	0.41250000000000003	STRONG
S1-376656562	S3-92189114	S3	0.0	0.9142857142857143	0.0	0.9142857142857143	1.0	True	0.4114285714285714	STRONG
S1-908551239	S2-788299668	S2	0.0	0.9142857142857143	0.0	0.9142857142857143	0.0	True	0.4114285714285714	STRONG
S1-908551239	S2-225415982	S2	0.0	0.9142857142857143	0.0	0.9142857142857143	0.0	True	0.4114285714285714	STRONG
S1-169108778	S2-650989582	S2	0.0	0.912280701754386	0.0	0.912280701754386	0.0	True	0.41052631578947374	STRONG
S1-84172548	S3-632715238	S3	0.0	0.9090909090909091	0.0	0.9090909090909091	0.5	True	0.40909090909090906	STRONG
S1-399029451	S3-900851502	S3	0.0	0.9090909090909091	0.0	0.9090909090909091	0.5	True	0.40909090909090906	STRONG
S1-898630961	S2-503875679	S2	0.0	0.9090909090909091	0.0	0.9090909090909091	0.0	True	0.40909090909090906	STRONG
S1-898279595	S3-9435354	S3	0.0	0.903225806451613	0.0	0.903225806451613	1.0	True	0.40645161290322585	STRONG
S1-795631320	S2-526762534	S2	0.0	0.9019607843137254	0.0	0.9019607843137254	1.0	True	0.4058823529411764	STRONG
S1-666876590	S2-975207252	S2	0.0	0.9009009009009009	0.0	0.9009009009009009	0.3333333333333333	True	0.40540540540540543	STRONG
S1-549086594	S2-808013831	S2	0.0	0.9	0.0	0.9	0.0	True	0.405	STRONG
S1-126920508	S3-812655890	S3	0.0	0.8974358974358974	0.0	0.8974358974358974	0.0	True	0.4038461538461538	STRONG
S1-621761582	S3-770029994	S3	0.0	0.8928571428571429	0.0	0.8928571428571429	1.0	True	0.4017857142857143	STRONG
S1-622515318	S2-594570108	S2	0.0	0.8913043478260869	0.0	0.8913043478260869	0.3333333333333333	True	0.40108695652173915	STRONG
S1-238331147	S2-667940175	S2	0.0	0.8888888888888888	0.0	0.8888888888888888	0.3333333333333333	True	0.39999999999999997	STRONG
S1-974370004	S2-967465960	S2	0.0	0.8888888888888888	0.0	0.8888888888888888	0.3333333333333333	True	0.39999999999999997	STRONG
S1-277014552	S3-448296506	S3	0.0	0.8888888888888888	0.0	0.8888888888888888	0.3333333333333333	True	0.39999999999999997	STRONG
S1-824076722	S2-80041004	S2	0.0	0.8888888888888888	0.0	0.8888888888888888	0.25	True	0.39999999999999997	STRONG
S1-189831319	S2-833352658	S2	0.0	0.8837209302325582	0.0	0.8837209302325582	0.0	True	0.3976744186046512	STRONG
S1-580992307	S3-938870340	S3	0.0	0.8831168831168832	0.0	0.8831168831168832	0.0	True	0.3974025974025974	STRONG
S1-387694500	S3-9126403	S3	0.0	0.8717948717948718	0.0	0.8717948717948718	0.6666666666666666	True	0.3923076923076923	STRONG
S1-609062608	S2-832976130	S2	0.0	0.8656716417910448	0.0	0.8656716417910448	0.3333333333333333	True	0.3895522388059702	STRONG
S1-292649689	S2-581839464	S2	0.0	0.8636363636363636	0.0	0.8636363636363636	0.5	True	0.38863636363636367	STRONG
S1-292649689	S3-110738950	S3	0.0	0.8627450980392157	0.0	0.8627450980392157	1.0	True	0.38823529411764707	STRONG
S1-292649689	S3-182160243	S3	0.0	0.8627450980392157	0.0	0.8627450980392157	1.0	True	0.38823529411764707	STRONG
S1-96384915	S3-62224210	S3	0.0	0.8627450980392157	0.0	0.8627450980392157	0.0	True	0.38823529411764707	STRONG
S1-359497386	S3-828181965	S3	0.0	0.8571428571428571	0.0	0.8571428571428571	0.0	True	0.3857142857142857	STRONG
S1-359497386	S3-347606257	S3	0.0	0.8571428571428571	0.0	0.8571428571428571	0.0	True	0.3857142857142857	STRONG
S1-580992307	S2-609372791	S2	0.0	0.851063829787234	0.0	0.851063829787234	0.5	True	0.3829787234042553	STRONG
S1-305403960	S2-771841018	S2	0.0	0.85	0.0	0.85	1.0	True	0.3825	STRONG
S1-90406410	S2-679115769	S2	0.0	0.8461538461538461	0.0	0.8461538461538461	0.75	True	0.38076923076923075	STRONG
S1-648894561	S3-792976560	S3	0.0	0.8461538461538461	0.0	0.8461538461538461	0.6666666666666666	True	0.38076923076923075	STRONG
S1-216181354	S3-317748253	S3	0.0	0.8461538461538461	0.0	0.8461538461538461	0.25	True	0.38076923076923075	STRONG
S1-330281696	S2-448188089	S2	0.0	0.8421052631578948	0.0	0.8421052631578948	1.0	True	0.37894736842105264	STRONG
S1-641579109	S2-196228165	S2	0.0	0.8421052631578948	0.0	0.8421052631578948	0.5	True	0.37894736842105264	STRONG
S1-499302167	S3-469734598	S3	0.0	0.8395061728395062	0.0	0.8395061728395062	1.0	True	0.3777777777777778	STRONG
S1-189831319	S2-585273067	S2	0.0	0.8387096774193549	0.0	0.8387096774193549	0.0	True	0.3774193548387097	STRONG
S1-555090350	S2-956444376	S2	0.0	0.8275862068965517	0.0	0.8275862068965517	1.0	True	0.3724137931034483	STRONG
S1-171653159	S2-531915848	S2	0.0	0.8275862068965517	0.0	0.8275862068965517	1.0	True	0.3724137931034483	STRONG
S1-777555607	S3-632142415	S3	0.0	0.8205128205128205	0.0	0.8205128205128205	1.0	True	0.36923076923076925	STRONG
