source1_entity_id	true_target_id
S1-697294833	S3-527682590
S1-960126068	S2-433145651
S1-610266870	S2-793445903
S1-898279595	S3-9435354
S1-388325812	S3-197262044
S1-392219093	S2-936174468
S1-666876590	S2-975207252
S1-570361411	S2-603890088
S1-973233920	S3-792460305
S1-859252896	S2-411261374
S1-824076722	S2-80041004
S1-947166860	S3-29876156
S1-330281696	S3-790582857
S1-279145576	S2-129450188
S1-410040347	S3-186997268
S1-163747087	S3-798193328
S1-483281264	S3-246582348
S1-238012566	S3-538256219
S1-84172548	S3-632715238
S1-555090350	S2-956444376
S1-506810298	S3-257917123
S1-422926253	S3-182229658
S1-353948236	S3-843946011
S1-386654734	S3-508283569
S1-97581850	S3-60652506
S1-71172417	S3-806740086
S1-648894561	S3-809239143
S1-915479091	S2-155091128
S1-358447941	S3-29299865
S1-754570857	S3-498973708
S1-671445253	S3-806509432
S1-620608935	S2-830502695
S1-943879014	S3-420174178
S1-47869953	S2-561735610
S1-580992307	S3-938870340
S1-96384267	S2-969855661
S1-570361411	S2-592744157
S1-387418200	S3-281322816
S1-338840619	S2-624410308
S1-130264484	S2-32411869
S1-90406410	S2-679115769
S1-745450749	S2-51162005
S1-942104958	S3-887375431
S1-335478469	S3-757049552
S1-352234501	S2-379384733
S1-512634625	S2-860706331
S1-80960427	S2-114199102
S1-694979060	S3-43468098
S1-376656562	S2-4354291
S1-898630961	S2-503875679
S1-666435696	S2-412678653
S1-126920508	S3-812655890
S1-134898809	S2-156312637
S1-211026051	S2-160973668
S1-126927804	S3-773054197
S1-723275887	S2-542852582
S1-800482427	S3-355590735
S1-766866439	S3-498348336
S1-236963798	S2-111203101
S1-159067707	S3-342293148
S1-725482440	S2-656918430
S1-966027321	S3-472664232
S1-506296494	S2-757441199
S1-908800416	S3-506993631
S1-387694500	S3-9126403
S1-126927804	S2-434788498
S1-974370004	S2-251897681
S1-238331147	S2-667940175
S1-927838010	S3-565425985
S1-95503899	S2-816744928
S1-783056748	S2-835729943
S1-63975497	S3-108066636
S1-684505968	S3-300894176
S1-609062608	S3-420083497
S1-912947277	S3-290380069
S1-974370004	S2-967465960
S1-511355563	S3-995810011
S1-464514986	S3-604135891
S1-410304151	S2-815364211
S1-104226194	S3-873691905
S1-7040061	S2-983983663
S1-644411036	S2-642960929
S1-900882482	S2-322147227
S1-184229550	S2-493006432
S1-419483044	S2-708439842
S1-973233920	S3-110090880
S1-34916446	S3-168863451
S1-917085859	S2-869027552
S1-223621109	S3-548341368
S1-630839433	S2-555688690
S1-958740646	S3-897268381
S1-463548524	S2-442263631
S1-308240187	S3-377116427
S1-340817900	S2-798817879
S1-619314161	S3-928459352
S1-906572599	S2-141744998
S1-892577020	S3-471190214
S1-758075760	S3-957484857
S1-108314429	S2-628035494
S1-898630961	S3-683805650
S1-292649689	S3-110738950
S1-309101313	S2-749718941
S1-403028834	S2-702709324
S1-745839307	S3-218169504
S1-533445371	S2-932725445
S1-487408870	S3-282824865
S1-797931932	S3-977612403
S1-226564818	S3-439796269
S1-953470089	S3-613209073
S1-558634684	S2-536166686
S1-829348020	S2-19151888
S1-536948776	S2-376450162
S1-536638885	S3-725022233
S1-355649086	S3-804821727
S1-261360486	S3-370085344
S1-761888543	S3-168539258
S1-745839307	S2-148602546
S1-989439466	S2-320065734
S1-98579303	S3-690119410
S1-302710833	S3-77639341
S1-224534945	S2-518930624
S1-699955992	S3-130546119
S1-915479091	S2-369580474
S1-417074218	S3-387274034
S1-66358218	S3-845831671
S1-703703543	S3-24409234
S1-519482575	S2-599641873
S1-251311978	S3-956048801
S1-376656562	S3-92189114
S1-457935815	S2-921287816
S1-521143416	S2-778845793
S1-558634684	S2-623955087
S1-521605108	S3-725998443
S1-571777559	S2-105253566
S1-795631320	S3-603278752
S1-965549055	S3-537422052
S1-639096068	S3-515416988
S1-680585243	S3-159422096
S1-419235241	S2-331102815
S1-95503899	S2-950137390
S1-705961596	S3-762367919
S1-171653159	S2-531915848
S1-952136084	S2-899756617
S1-932827505	S2-204169449
S1-511355563	S2-413889574
S1-75134768	S2-623236074
S1-795631320	S3-150741082
S1-960756168	S3-620228265
S1-292649689	S3-182160243
S1-134717804	S2-265461500
S1-17339733	S3-215898478
S1-292649689	S2-581839464
S1-499302167	S3-469734598
S1-42596820	S3-810444824
S1-898630961	S2-484694083
S1-796024407	S2-560403084
S1-448345019	S3-452820751
S1-367965660	S2-629863367
S1-377745466	S3-402918963
S1-89160825	S3-700656227
S1-856667356	S2-442224793
S1-208973592	S2-481660181
S1-71265566	S3-4947094
S1-666435696	S3-427834989
S1-500552277	S3-628706426
S1-492467148	S2-946846997
S1-697294833	S2-991665762
S1-136894582	S3-975464331
S1-543144015	S2-284196531
S1-359497386	S3-828181965
S1-367793476	S3-770171112
S1-835425265	S2-825851111
S1-615738219	S3-6559536
S1-574943722	S3-675433997
S1-725482440	S2-897894809
S1-904228116	S3-295583017
S1-277014552	S3-448296506
S1-543291404	S2-728000855
S1-959189311	S2-151292966
S1-842497118	S2-324185926
S1-756304715	S3-919158992
S1-992003464	S2-762264647
S1-128347375	S3-848225821
S1-212460801	S2-40562774
S1-307708702	S3-466131574
S1-464518977	S2-882988803
S1-800915873	S3-595714899
S1-823546667	S2-78487028
S1-564729135	S2-327309238
S1-630223771	S3-815538600
S1-27158214	S2-909414276
S1-908551239	S2-788299668
S1-216181354	S3-317748253
S1-701003373	S3-23997241
S1-785336105	S3-363331884
S1-92729851	S3-149647877
S1-216181354	S3-685337179
S1-744315333	S3-100306586
S1-262975311	S2-265468345
S1-306095185	S3-261575641
S1-366279397	S2-750964323
S1-500552277	S3-829483271
S1-865131206	S3-652513823
S1-549612411	S2-493572232
S1-422772138	S2-786010216
S1-359497386	S3-347606257
S1-41217356	S2-59327396
S1-619314161	S3-60551644
S1-506720235	S3-69225334
S1-455885431	S2-906513579
S1-603442937	S2-133657619
S1-223621109	S3-15370997
S1-499302167	S2-148775637
S1-492536604	S2-15424811
S1-803590345	S3-728674730
S1-630223771	S3-587424087
S1-96384915	S3-62224210
S1-201376315	S2-535697978
S1-279028557	S2-728877716
S1-869118709	S3-73084608
S1-833798119	S3-342879520
S1-780893579	S3-676674812
S1-476024246	S3-309211196
S1-795631320	S2-526762534
S1-748364403	S3-940222258
S1-203667972	S2-227806252
S1-98065022	S3-11307508
S1-908498505	S3-70675543
S1-851869949	S2-915265864
S1-62329201	S2-2637735
S1-133037285	S3-33144658
S1-837908386	S2-178477919
S1-618570184	S2-136216991
S1-824076722	S3-691802600
S1-652651286	S2-759093679
S1-870254921	S2-769703757
S1-216511119	S3-47618118
S1-549086594	S2-808013831
S1-491925427	S2-944510200
S1-580432162	S3-57098900
S1-925403791	S2-39762537
S1-63266922	S2-669009722
S1-241686597	S2-521249860
S1-535605149	S2-751164711
S1-418423816	S2-244371989
S1-893609958	S3-63293660
S1-125331877	S3-898976397
S1-486296456	S2-440266189
S1-360909582	S3-928751934
S1-621761582	S3-770029994
S1-804663373	S2-271689113
S1-84838337	S3-532973078
S1-216511119	S3-245059775
S1-444149322	S3-633921162
S1-335478469	S3-103297781
S1-761585587	S2-586234138
S1-925403791	S2-595572022
S1-57859332	S3-12427791
S1-335752330	S2-897778962
S1-639708214	S2-757495858
S1-633779655	S2-24729487
S1-95925372	S3-963721402
S1-366279397	S2-888421864
S1-981346708	S2-465848431
S1-641249328	S2-143628815
S1-892577020	S3-586392060
S1-906572599	S2-791262854
S1-86094936	S3-505894931
S1-758075760	S3-449179044
S1-71296969	S3-103767827
S1-366329737	S2-23560385
S1-208942438	S2-700660628
S1-606480359	S2-527210577
S1-597762257	S3-426660831
S1-120433302	S2-44772905
S1-2092817	S3-752797834
S1-886002896	S3-664777308
S1-344557977	S2-237548317
S1-235258587	S2-382834148
S1-285660164	S3-708196799
S1-367793476	S2-253699557
S1-435229220	S2-822045027
S1-501296085	S3-328999650
S1-102881886	S3-673002177
S1-892015074	S3-817353302
S1-580992307	S2-609372791
S1-669413769	S2-805282132
S1-726860670	S3-165705146
S1-893609958	S3-90868895
S1-20679780	S3-354586828
S1-388325812	S3-131944817
S1-155027115	S2-780856981
S1-803590345	S2-719870548
S1-622515318	S2-594570108
S1-173971969	S3-210351517
S1-323747485	S3-13820604
S1-143265439	S3-104196677
S1-602775749	S3-630600412
S1-499302167	S3-909488329
S1-706856946	S3-48972403
S1-460136045	S3-24612219
S1-31205819	S2-673077177
S1-858511549	S2-808515212
S1-858511549	S3-923282919
S1-908551239	S2-225415982
S1-856710782	S3-584218851
S1-284710338	S3-215858960
S1-609062608	S3-547987157
S1-262975311	S2-481203540
S1-387418200	S3-373656844
S1-883468618	S3-149911356
S1-460133008	S2-211840924
S1-898279595	S2-72739055
S1-777555607	S3-10840656
S1-777555607	S3-632142415
S1-753180274	S2-122241825
S1-211026051	S2-15046666
S1-511355563	S3-795427322
S1-547971316	S2-201545177
S1-338830003	S3-633453278
S1-467198990	S3-367123111
S1-724315493	S3-928249286
S1-906572599	S2-665974142
S1-189831319	S2-585273067
S1-756304715	S3-452336654
S1-930984906	S3-861801469
S1-326888389	S2-874419476
S1-41217356	S3-272041321
S1-912508322	S2-276782865
S1-716442915	S3-355978425
S1-56629354	S2-592774385
S1-530687623	S2-805066778
S1-128347375	S3-507291376
S1-912947277	S3-159327306
S1-216986373	S2-535002552
S1-91085118	S2-581064933
S1-399029451	S3-900851502
S1-367965660	S3-110382766
S1-763496609	S2-868047179
S1-645147697	S2-553207883
S1-96384915	S3-193368378
S1-403028834	S2-92039499
S1-837908386	S3-19216036
S1-169108778	S2-650989582
S1-68456921	S2-154545552
S1-163747087	S3-302914388
S1-271585788	S3-219339349
S1-909955989	S2-685701568
S1-161210403	S3-210777351
S1-417526535	S2-566526014
S1-305403960	S2-771841018
S1-184229550	S3-309100086
S1-872302647	S3-56614947
S1-192327811	S2-622284434
S1-883973644	S2-346262429
S1-399029451	S2-109155437
S1-644411036	S3-748008326
S1-164240371	S3-565742141
S1-630223771	S3-697578371
S1-464518977	S2-558613710
S1-326888389	S3-949078621
S1-552720726	S2-524158368
S1-45414958	S3-705745228
S1-49535321	S3-354847677
S1-89093509	S3-3598545
S1-7040061	S3-514292379
S1-311090979	S3-651529833
S1-932539298	S2-780145988
S1-91085118	S2-147057908
S1-641579109	S2-196228165
S1-829348020	S2-708805610
S1-720173062	S2-332450198
S1-218948566	S3-666592235
S1-966027321	S2-4379937
S1-419483044	S2-497881051
S1-63719584	S3-513217341
S1-330281696	S2-448188089
S1-326888389	S2-884357873
S1-98579303	S3-719484948
S1-430842276	S2-965662594
S1-699955992	S2-619457951
S1-448345019	S3-462678740
S1-339374417	S3-242628819
S1-189831319	S2-833352658
S1-648894561	S3-829470335
S1-140279129	S3-435629068
S1-246478198	S2-296004580
S1-829420372	S3-601412026
S1-206894799	S2-984757330
S1-609062608	S2-832976130
S1-131053132	S2-535908446
S1-888167789	S3-73898561
S1-459696014	S2-724357562
S1-908551239	S3-719062371
S1-360909582	S3-941669819
S1-6381641	S3-894616241
S1-90128015	S3-291341707
S1-28205922	S3-368374810
S1-505090910	S3-198363277
S1-535605149	S3-426905497
S1-460136045	S2-983138087
S1-281356776	S3-328402545
S1-356319224	S3-884878054
S1-800294363	S2-90945076
S1-16609748	S2-54823044
S1-75134768	S3-146641895
S1-801212938	S2-500161656
S1-27158214	S2-614863359
S1-891130183	S3-582732774
S1-51101506	S2-292920646
S1-942104958	S3-915116552
S1-437415597	S2-248645594
S1-208942438	S3-514453547
S1-422772138	S2-44066783
S1-648894561	S3-792976560
S1-526349990	S3-408891606
S1-338840619	S2-711927056
S1-710909094	S3-17904782
S1-216511119	S3-700997777
S1-658336143	S2-955208024
S1-226564818	S2-891882828
S1-545839168	S2-982077727
S1-328371553	S2-737909912
S1-552658307	S3-660932884
S1-584499457	S3-506634954
S1-908498505	S2-410769724
