source1_entity_id	true_target_id	target_source	s1_name	target_name	s1_address	target_address	s1_country	target_country
S1-697294833	S3-527682590	S3	Shiva Media Private Limited	Pfihaate Shiva Media Limited	818B, The Camellias, Golf Course Road, Sector 42, Gurgaon, Haryana, Galleria Dlf-Iv	B3/818b, Gurugram, HR	India	India
S1-960126068	S2-433145651	S2	Corner Ice Cream	CORNER ICE CREAM CÓRPORATION	1015 Country Club Drive, La Porte, TX		US	US
S1-610266870	S2-793445903	S2	High Estate Limited	हाई एस्टेट लिमिटेड	Pl. No. 11, W.No.54, Radhika Nagar No.1, Near Hanuman Temple, Amravati, Maharashtra	NAGPUR REGION, महाराष्ट्र, AMRAVATI, PL. NO. ##11	India	India
S1-898279595	S3-9435354	S3	Star Enterprises Pvt Ltd	स्टार एंटरप्राइजेज प्रा. लि.	North Delhi, Delhi, 26, Prem Niwas Malkaganj Road, Delhi	26, Delhi, North Delhi, DL	India	India
S1-388325812	S3-197262044	S3	Slate Inc	Sagre Inc	1930 Fawn Drive, Cheltenham Township, PA	Fawn Drive, Glenside, Pennsylvania	US	US
S1-392219093	S2-936174468	S2	Md Services Limited	Md (Services)	5Th Floor Bhandari House91, Nehru Place, New Delhi, Delhi		India	India
S1-666876590	S2-975207252	S2	Ss Systems Limited	एसएस सिस्टम्स लिमिटेड	A-1, Malad (West), Mumbai, Maharashtra, 401, Rahul Apartment, Marve Road	A-3, 401, RAHUL APARTMENT, MARVE ROAD, MUMBAI SUBURBAN, MALAD (WEST), महाराष्ट्र	India	India
S1-570361411	S2-603890088	S2	Shyam Ventures Private Limited	ਸ਼ਿਆਮ ਵੈਂਚਰਜ਼ ਪ੍ਰਾਈਵੇਟ ਲਿਮਟਿਡ	#771, Sector 91 Sas Nagar, Mohali, Punjab	771, MOHALI, Punjab	India	India
S1-973233920	S3-792460305	S3	Data Materials Networks	Data Materials Service	609 Hickory Street, Ottawa, KS	09 Hickory Street, Otatwa, Kansas	US	US
S1-859252896	S2-411261374	S2	Rev It Up Ice Cream	Lyrawex	8304 Rolling Hills Drive, Nixa, MO	8304 ROLLING HDLLS DRIVE, NXA CITY, MO	US	US
S1-824076722	S2-80041004	S2	Al Enterprises Pvt Ltd	अल एंटरप्राइजेज प्रा. लि.	Office No-201, 2Nd Floor, Global Square, Cts No-1505, S.No-247, Yerwada, Pune City, Pune, Maharashtra	OFFIFE NO-201, PUNE CITY, PUNE, Maharashtra	India	India
S1-947166860	S3-29876156	S3	Apoorva Works Private Limited	Wexwex	22/2791, Old Y Block, 6Th Street 12Th Main Road, Anna Nagar, Chennai, Tamil Nadu	B3/22/2791, Chennai City Region, TN	India	India
S1-330281696	S3-790582857	S3	New International Private Limited	न्यू इंटरनेशनल प्राइवेट लिमिटेड	B-148, Vikas Vihar Vikas Nagar, Uttam Nagar, New Delhi, West Delhi, Delhi	B-148, New Delhi, Uttam Nagar, दिल्ली	India	India
S1-279145576	S2-129450188	S2	Koerber and Payton, LLC	KOERBERPAYTON.COM	Unit 1151, Tempe, 6815 Mcclintock Drive, AZ	6815 MCCLINTOCK DR, TEMPE, AZ	US	US
S1-410040347	S3-186997268	S3	Temple Synagogue	Temple Partners	10202 W Maple Road, Omaha, NE		US	US
S1-163747087	S3-798193328	S3	Lotus Services Pvt Ltd	लोटस सर्विसेज प्रा. लि.	Floor-2Nd, 45/47, Silver Mansion, Dhanji Street, Zaveri Bazar Mumbadevi, Mandvi, Mumbai, Maharashtra, 17	#141 17, Mumbai, MH	India	India
S1-483281264	S3-246582348	S3	Louisa's Group	Lrusir'S Group	599 Mountain Shadow Lane, Maryville, TN	599D Mountain Shadow Lane, PO Box 2895, Maryille, Tennessee	US	US
S1-238012566	S3-538256219	S3	Baldwin Superior Farms LLC	Baldwin Subperoir Farms LLC	5016 85, New Salem, ND	North Dakota, New Salem, 5016 85	US	US
S1-84172548	S3-632715238	S3	Prime Food Private Limited	ಪ್ರೈಮ್ ಫುಡ್ ಪ್ರೈವೇಟ್ ಲಿಮಿಟೆಡ್	No. 14, 13Th Cross, Gante S Gopal Building Opposite To Kandhya Bhavan, Cubbonpet, Bangalore, Karnataka	No. ##14, Bangalore, KA	India	India
S1-555090350	S2-956444376	S2	Star Consultancy LLP	स्टार कंसल्टेंसी एलएलपी	103 Raja Gardenring Road, New Delhi, North Delhi, Delhi	DOOR NO 103 RAJA GAROENRING ROAD, NEW DELHI, LONI, Delhi	India	India
S1-506810298	S3-257917123	S3	ZE Corporate	ZE Corpaoraet	575 Thornhill Drive, Unit 116, Carol Stream, IL	575 Thornhill Dr, PO Box 7099, Carol Stream, Illinois	US	US
S1-422926253	S3-182229658	S3	Sky Enterprises Pvt Ltd	स्काई एंटरप्राइजेज प्रा. लि.	A- 42, Ground Front Side, Dayal Bagh Faridabad, Faridabad, Haryana	Faridabad, A- 42, हरियाणा	India	India
S1-353948236	S3-843946011	S3	Golden Keystone LLC	Golden Kdooysnne LLC	600 Grove Parkway, Unit 1091, Tempe, AZ	600 Grove Pkwy, # 1091, Tempe, Arizona	US	US
S1-386654734	S3-508283569	S3	One Enterprises	వన్ ఎంటర్‌ప్రైజెస్	H.No 6-3-712/90-23, 2Nd Floor, Beside Agarwal Eye Hospital, Panjagutta, Hyderabad, Telangana	H.no 6-3-712/90-2, Hyderabad, తెలంగాణ	India	India
S1-97581850	S3-60652506	S3	Green Exports Private Limited	ग्रीन एक्सपोर्ट्स प्राइवेट लिमिटेड	B-3, B-71C, Janakpuri, New Delhi, West Delhi, Delhi	B-##3, New Delhi, West Delhi, DL	India	India
S1-71172417	S3-806740086	S3	Tirupati Estate Private Limited	Tirupati एस्टेट प्राइवेट लिमिटेड	Flat No: 302, Foor No 3, Krishna Kunj, Gokuldham, Film City Road, Goregon, Mumbai, Mumbai City, Maharashtra	Flat No: 30, Mumbai, Mumbai City, MH	India	India
S1-648894561	S3-809239143	S3	Supreme Consultants Private Limited	सुप्रीम कंसल्टेंट्स प्राइवेट लिमिटेड	236 & 237, The Galleria Dlf, Second Floor, Mayur Vihar Ext-1, Noida Link Road, New Delhi, East Delhi, Delhi	236 & 237, New Delhi, East Delhi, DL	India	India
S1-915479091	S2-155091128	S2	Better Axiom Inc	Veovio	13803 Gullane Drive, Prince William County, VA	13803 GULLANE DRIVE, WOODBRDIGE, VA	US	US
S1-358447941	S3-29299865	S3	6-Star	6star.com	1304 105th Place, Unit 1004, Mesa, AZ	1304 105th Place, Mesa Four Peaks, Arizona	US	US
S1-754570857	S3-498973708	S3	Stanley Elite Newhold Inc	Stanley Elite	11705 Winter Park Terrace, Fl 0, Beaverton, OR	1705 Winter Park Terrace, Fl. 0, Portland, Oregon	US	US
S1-671445253	S3-806509432	S3	Metro Care, LLC	Metro LLC Partners	MA, 500 Quincy Street, Abington, Unit 3-C1	500 Quincy Street, Unit 3-C1, Abington, Massachusetts	US	US
S1-620608935	S2-830502695	S2	Urban Bistro PLLC	Urban Bistr0 PLLC Services	8560 9, Lewis, NY		US	US
S1-943879014	S3-420174178	S3	Crj Traders of Mysore Private Limited	Mr crjtradersmysore.com	No. 36, 3Rd Stage, Hale Kesare, Rs Naidu Nagar, Mysore, Karnataka	No. #36, Mysore, ಕರ್ನಾಟಕ	India	India
S1-47869953	S2-561735610	S2	Prestige Servicesprivate Corporation	-- PRESTIGE SERVICESPRIVATE - 5419705558	Near Choti Mazjid, Dhabali Vihir, Mangalwari Peth, Umred, Nagpur, Maharashtra	PLOT 48 NEAR CHOTI MAZJID, NAGPUR, Maharashtra	India	India
S1-580992307	S3-938870340	S3	Creative Baba It Private Limited	क्रिएटिव बाबा आईटी प्राइवेट लिमिटेड	D220, S/Floor Defence Colony, New Delhi, South Delhi, Delhi	D20, S/floor Defence Colony, Dadri, Distt G. B. Nagar, South Delhi, दिल्ली	India	India
S1-96384267	S2-969855661	S2	Bharat Construction Private Limited	ಭಾರತ್ ಕನ್‌ಸ್ಟ್ರಕ್ಷನ್ ಪ್ರೈವೇಟ್ ಲಿಮಿಟೆಡ್	325, Mico Layout, N.S.Palya, Bangalore-34., Bangalore, Karnataka	325, BANGALORE-34., BANGALORE, Karnataka	India	India
S1-570361411	S2-592744157	S2	Shyam Ventures Private Limited	ਸ਼ਿਆਮ ਵੈਂਚਰਜ਼ ਪ੍ਰਾਈਵੇਟ ਲਿਮਟਿਡ	#771, Sector 91 Sas Nagar, Mohali, Punjab	#771, MOHALI, ਪੰਜਾਬ	India	India
S1-387418200	S3-281322816	S3	Dixon Learning Center Inc.	Dixon Learning Cnleetr [Inc.]	228 Blue Ridge Drive, Old Hickory, TN	216 Blue Ridge Dr, Old Hickory, Tennessee	US	US
S1-338840619	S2-624410308	S2	Quartz, LLC	LLC QUIATRZ,	602 723, Bldg Residence, Crittenden County, KY	594 723, CRITTENDEN COUNTY, KY	US	US
S1-130264484	S2-32411869	S2	Green Foundation Limited	ग्रीन फाउंडेशन लिमिटेड	875/31, Laxman Vihar Phase-I, Gurgaon, Haryana	875/31, GURGAON, Haryana	India	India
S1-90406410	S2-679115769	S2	White Care LLP	വൈറ്റ് കെയർ എൽഎൽപി	Ka14/391-393 Kannothumchal, P.O.Chovva, Kannur, Kerala	BLOCK E-290 KA14/391-393 KANNOTHUMCHAL, KANNUR, കേരളം	India	India
S1-745450749	S2-51162005	S2	Oki Therapy (India)	OKI (N) THERAPY	12 Thakurdas Banerjee Road, Kolkata, North 24 Parganas, West Bengal		India	India
S1-942104958	S3-887375431	S3	Force Wealthtech Private Limited	Smt forcewealthtech.com	Pune, 148, Maharashtra, Pune, Ganesh Nagar Colony No. 12 Pune	415 148, Pune, महाराष्ट्र	India	India
S1-335478469	S3-757049552	S3	Audy Parker Blue Yield Corp	Apblue.Com	1064 Dwarf Lane, Bedford County, VA	Dwarf Lane, <NULL>, Bedford County, Virginia	US	US
S1-352234501	S2-379384733	S2	Clean Investment Services	CLEAN INVESTMENT-CENTER	34 Abbott Square, Birmingham, AL		US	US
S1-512634625	S2-860706331	S2	Ironclad Lending LLC	IRONCLAD LNTDIG-LLC	OH, Hamilton, 736 East Avenue	HAMILTON, 736 1/2 EAST AVE, OH	US	US
S1-80960427	S2-114199102	S2	Hari Ram Infrastructure Private Limited	Hari Ram Private Limited Service	No.29 Moore Street, Chennai, Tamil Nadu		India	India
S1-694979060	S3-43468098	S3	Raj One Technology Pvt Ltd	ਰਾਜ ਵਨ ਟੈਕਨਾਲੋਜੀ ਪ੍ਰਾ. ਲਿ.	C/O M/S Jindal Industries, Vill Alamgarh Abohar, Abohar, Firozpur, Punjab	C/o M/s Jindal Industries, Abohar, Firozpur, ਪੰਜਾਬ	India	India
S1-376656562	S2-4354291	S2	Vijay Care Private Limited	വിജയ് കെയർ പ്രൈവറ്റ് ലിമിറ്റഡ്	1497/16, Eacharath H Mannuthy P.O., Thrissur, Kerala	DOOR NO 274 1497/16, THRISSUR, Keralam	India	India
S1-898630961	S2-503875679	S2	Best Infra Limited	बेस्ट इंफ्रा लिमिटेड	Naman Centre, C-31, Bandra Kurla Complex, G-Block, Opp Dena Bank, Mumbai, Maharashtra	NAAN CENTRE, MUMBAI, Maharashtra	India	India
S1-666435696	S2-412678653	S2	Apex Pinnacle Music Group	DREXZEPH	NC, Albemarle, 29569 Forrest Road	FORREST RD, ALBEMARLE, NC	US	US
S1-126920508	S3-812655890	S3	Hotel Shiva Tech Private Limited	होटल शिवा टेक प्राइवेट लिमिटेड	Bihar, Patna, 212, Ashiana Tower, Exhibition Road, Phulwari	2-12, Patna, BR, Ashiana Tower, Exhibition Road	India	India
S1-134898809	S2-156312637	S2	Corner Hypnosis	Brixlyra	26 Stone Street, Unit 3, Beverly, MA	PMB 9599, MA, BEVERLY, 0026 STONE ST	US	US
S1-211026051	S2-160973668	S2	Gandhinagar Trading Private Limited	Ariabrix	B 306 Swagat Rainforest 2, Koba - Kudasan Highway Opp. Swaminarayan Dham, Kudasan, Gandhinagar, Gandhinagar, Gandhi Nagar, Gujarat	B 306 SWAGAT RAINFOREST 2, GANDHI NAGAR, GANDHINAGAR, ગુજરાત	India	India
S1-126927804	S3-773054197	S3	Future Healthcare Pvt Ltd	फ्यूचर हेल्थकेयर प्रा. लि.	Unit No. 14, Krishna Commercial Centre, 6, Udyog Nagar, Near Kamat Club, Goregaon, (West), Mumbai, Maharashtra	Unit No. 14, (West), Mumbai, महाराष्ट्र	India	India
S1-723275887	S2-542852582	S2	Little & Co	Little & Company	Telangana, Hyderabad, H.No.32/5, Sardar Patel Nagar Kukutpally	NO #32/5 , SARDAR PATEL NAGAR KUKUTPALLY, Andhra Pradesh	India	India
S1-800482427	S3-355590735	S3	B+ Biotechnologies LLC	B+ LLC Services	328 Buckingham Street, Unit 414, Columbus, OH		US	US
S1-766866439	S3-498348336	S3	Mayura Hygienic Limited	Mayurahygienic.Com	305, 3Rd Floor, Satguru, Parinay, Pu3, Sch No. 54, Indore, Madhya Pradesh	D/305, MP, Indore	India	India
S1-236963798	S2-111203101	S2	RO Atlantic Galaxy Inc	RO Atlantic	2119 Tipton Street, Seymour, IN		US	US
S1-159067707	S3-342293148	S3	Parth Technologies (India) Private Limited	Parth (India) Private Limited Service	C/O Karan Singh Parmar Shop No. 08, Ramayan South Katara Hills, Bhopal, Madhya Pradesh		India	India
S1-725482440	S2-656918430	S2	Guru International Private Limited	गुरु इंटरनेशनल प्राइवेट लिमिटेड	Plot No - D-13/5, 13/6 13/7 Ttc Indl Area Turbhe, Navi Mumbai, Thane, Maharashtra	THANE, PLOT 277 PLOT NO - D-13/5, Maharashtra, NAVI MUMBAI	India	India
S1-966027321	S3-472664232	S3	Probst & Duran Newhold LLC	dprobst.com	Boston, 31 Floyd Street, MA	31 Floyd St, Dorchester Center, Massachusetts	US	US
S1-506296494	S2-757441199	S2	Pinnacle Public	Nylaarcsol	4400 Culver Road, Irondequoit, NY	#4400 CULVER RD, ROCHESTER, NY	US	US
S1-908800416	S3-506993631	S3	Northern Hamilton Inc	Northern Hamritlon Inc	146 12th Street, Unit A, New Philadelphia, OH	146 12rd St, # A, NE Wphiladelphia, Ohio	US	US
S1-387694500	S3-9126403	S3	Bombay Power Private Limited	ಬಾಂಬೆ ಪವರ್ ಪ್ರೈವೇಟ್ ಲಿಮಿಟೆಡ್	No: 32/2, 2Nd Floor, Mcc Towers, Opp To Sigma Soft Tech Park, Whitefield Main Road, Ramagon, Danahalli, Bangalore, Karnataka	No: 6-32/2, Bangalore, KA	India	India
S1-126927804	S2-434788498	S2	Future Healthcare Pvt Ltd	फ्यूचर हेल्थकेयर प्रा. लि.	Unit No. 14, Krishna Commercial Centre, 6, Udyog Nagar, Near Kamat Club, Goregaon, (West), Mumbai, Maharashtra	UNIT NO. 14, N/A, (WEST), MUMBAI, Maharashtra	India	India
S1-974370004	S2-251897681	S2	Smart Builders Private Limited	स्मार्ट बिल्डर्स प्राइवेट लिमिटेड	Faridabad, 122, Haryana, Navloo Colony, Gali No. 1, Near Ballabgarh Metro Station, Faridabad	DOOR NO 141 122, FARIDABAD, हरियाणा	India	India
S1-238331147	S2-667940175	S2	Sree It Limited	श्री आईटी लिमिटेड	Plot No 21, Office No.101-106, First Floor, Block-G, Vardhman Chamber-Ii, Community Centre, Vikaspuri, New Delhi, West Delhi, Delhi	DOOR NO 21, NEW DELHI, WEST DELHI, Delhi	India	India
S1-927838010	S3-565425985	S3	City Global Private Limited	సిటీ గ్లోబల్ ప్రైవేట్ లిమిటెడ్	6-6-427/3/4 Gandhi Nagar, Secunderabad, Hyderabad, Telangana	Hyderabad, Secunderabad, 6-427/3/4 Gandhi Nagra, తెలంగాణ	India	India
S1-95503899	S2-816744928	S2	Unique Investment Limited	यूनिक इन्वेस्टमेंट लिमिटेड	H.No. 1152, Kashiprayag Bumglow, Champa Nagari, Jail Road, Dasak Nasik Road, Nashik, Maharashtra	NO 1152, NASHIK, Maharashtra	India	India
S1-783056748	S2-835729943	S2	Kelley Animal Hospital	KELLEY KELLEY ANIMAL CENTER	Unit 204, NC, 1060 Watercourse Circle, Graham	1060 1/2 WATERCOURSE CIR, GRAHAM, NC	US	US
S1-63975497	S3-108066636	S3	VM Commerce LLC	VM Commoe LLC	4516 Oak Drive, City Of La Crosse, WI	04516 Oak Drive, La Crosse, Wisconsin	US	US
S1-684505968	S3-300894176	S3	Namaskar & Co Company	Naadkar & Co Company #60371	B 70/51, Keshav Puram, Delhi, North West Delhi, Delhi	B A-70/51, North West Delhi, Delhi, DL	India	India
S1-609062608	S3-420083497	S3	Surya Investment	Mr Surya Surya Service	No. B-1803, 18Th Floor Ebony Block, Salarpuria Sattva Greenage, Bengaluru, Bangalore, Karnataka		India	India
S1-912947277	S3-290380069	S3	Biomedical Institute of Technology Pvt Ltd	itbiomedical.com	Plot No10, Kila No69, 1St Floor, Hans Enclave, Sadar Bazar, Gurgaon, Haryana	Plot No10, Sadar Bazar, Gurgaon, HR	India	India
S1-974370004	S2-967465960	S2	Smart Builders Private Limited	स्मार्ट बिल्डर्स प्राइवेट लिमिटेड	Faridabad, 122, Haryana, Navloo Colony, Gali No. 1, Near Ballabgarh Metro Station, Faridabad	H.NO 141 122, FARIDABAD, Haryana	India	India
S1-511355563	S3-995810011	S3	Hotel Technologies Private Limited	होटल टेक्नोलॉजीज प्राइवेट लिमिटेड	Pune, Flat No. A5 506, Genesis, Sr. No. 123/1/2 And 123/1/3, Maharashtra, Pune	Sr. No. 123/1/2 And 123/1/3, Pune, MH	India	India
S1-464514986	S3-604135891	S3	Valley Fund	Valley Center	97 Cass Avenue, Cheektowaga, NY	Cass Ave, Buffalo, New York	US	US
S1-410304151	S2-815364211	S2	Interstate Health Alliance Inc	[INC] INTERSTATE HNTLH ALLIANCE	1138 Main Street, Bldg ACUSHNET FIRE DEPARTMENT FIRE STATION #2, Acushnet, MA	1138 MAIN STREET, ACUSHNET, MA	US	US
S1-104226194	S3-873691905	S3	Global Lotus Construction Pvt Ltd	ग्लोबल लोटस कंस्ट्रक्शन प्रा. लि.	A-212, Malhotra Complex, Gali No. Â 01, Vikas Marg, Shakarpur, Laxmi Nagar, East Delhi, Delhi	A-212, Laxmi Nagar, East Delhi, दिल्ली	India	India
S1-7040061	S2-983983663	S2	South Tech Private Limited	సౌత్ టెక్ ప్రైవేట్ లిమిటెడ్	Sy No. 172, Plot No. 2-56, Anantharam Village, Gummadidala Mandal, Sangareddy, Medak, Telangana	SANGAREDDY, MEDAK, Telangana, SY NO. 172	India	India
S1-644411036	S2-642960929	S2	Steele Express Bhav LLC	LLC Steele Expries Bhav	400 6th Street, Scotts Mills, OR	00 SIXTH ST, SCOTTS MILLS, OR	US	US
S1-900882482	S2-322147227	S2	Vision Medicine	Vision (Service)	NY, 32 Carthage Drive, Unit Apartment 1, Rochester	ROCHESTER, NY, 32 CATHAGE DR	US	US
S1-184229550	S2-493006432	S2	High Hari Constructions Pvt Ltd	हाई हरि कंस्ट्रक्शंस प्रा. लि.	Office No. 325, Sector 17, Vardhaman Market, Thane, Maharashtra	OFFICE NO. 325, Maharashtra, THANE	India	India
S1-419483044	S2-708439842	S2	King Aria LLC	King LLC [Partners]	215 Grand Avenue, Unit Apartment 609, Old Orchard Beach, ME	GRAND AVENUE, OLD ORCHARD BEACH, ME	US	US
S1-973233920	S3-110090880	S3	Data Materials Networks	Data Networks Service	609 Hickory Street, Ottawa, KS	Hickory Street, Otatwa, Kansas	US	US
S1-34916446	S3-168863451	S3	Anand Hospitality Private Limited	आनंद हॉस्पिटैलिटी प्राइवेट लिमिटेड	Shop No. 8. Dheeraj Heritage Residency - 1, Linking Road Extn., Santacruz (West), Mumbai, Mumbai City, Maharashtra	Shop No. 6-8. Dheeraj Heritage Residency - 1, Mumbai, Mumbai City, महाराष्ट्र	India	India
S1-917085859	S2-869027552	S2	Shivam Systems LLP	शिवम सिस्टम्स एलएलपी	Palwal, 561, Housing Board Colony, Faridabad, Nakul Farm, Haryana, Hathin	हरियाणा, FARIDABAD, NAKUL FARM	India	India
S1-223621109	S3-548341368	S3	Pioneer Projects LLP	>> Pioneer Pjecst LLP	Rohtak, Khewat No. 93, Kh No 197, Rajender Nagar, Plot No 12, Haryana	Plot No 12, Haryana, Rohtak, HR	India	India
S1-630839433	S2-555688690	S2	Chiropractic Associates Inc.	Chiropractic Asmocgiatse Inc.	511 55th Street, Renton, WA	WA, RENTON, 511 55TH ST	US	US
S1-958740646	S3-897268381	S3	Happy Ice Cream	Happy Ice	TX, Dublin, 425 Eagle Street	Dublin CDP, 425 Eagle St, Texas	US	US
S1-463548524	S2-442263631	S2	Swastik Shyam Enterprises Private Limited	स्वस्तिक श्याम एंटरप्राइजेज प्राइवेट लिमिटेड	Flat No-501, B-Wing, Barcelona, Off Madh Road, Bhd Madh Church, Malad (W, Est), Mumbai, Mumbai City, Maharashtra	FLAT NO-501, MUMBAI, MUMBAI CITY, Maharashtra	India	India
S1-308240187	S3-377116427	S3	LB Xrp	LB Partners	3118 Soaring Pines Trail, Conroe, TX		US	US
S1-340817900	S2-798817879	S2	Smart Hospitality Advisors, LLC	Smart Hoptstalty Hoptstalty Advisors, LLC	127 78th Street, Kansas City, MO		US	US
S1-619314161	S3-928459352	S3	Real Investments Private Limited	रियल इन्वेस्टमेंट्स प्राइवेट लिमिटेड	8 Khasra No-914 Manas Nagar, Kanpur Road, Lucknow, Uttar Pradesh	8- Khasra No-914 Manas Nagar, Lucknow, UP	India	India
S1-906572599	S2-141744998	S2	Z & B Entergy	Rizasol	6801 35th Avenue, Fl 1, Lacey, WA	680 35TH AVE, PMB 2233, LACEY, WA	US	US
S1-892577020	S3-471190214	S3	Delta Project	Delta Project Enterprises	Avon, IN, 562 Dylan Drive		US	US
S1-758075760	S3-957484857	S3	Bharat Investments	भारत इन्वेस्टमेंट्स	No 7, 3Rd Floor, N.W.A Club Road Market Sector Iv Market, West Punjabi Bagh, New Delhi, Delhi	No ##7, New Delhi, दिल्ली, West Punjabi Bagh	India	India
S1-108314429	S2-628035494	S2	Supreme Dream It	सुप्रीम ड्रीम आईटी	Office No F-39, First Floor Eternity Commercial Premises, Lbs Marg, Teen Hath Naka, Thane, Maharashtra	OFFICE NO F-39., THANE, महाराष्ट्र	India	India
S1-898630961	S3-683805650	S3	Best Infra Limited	बेस्ट इंफ्रा लिमिटेड	Naman Centre, C-31, Bandra Kurla Complex, G-Block, Opp Dena Bank, Mumbai, Maharashtra	Naman Centre, Mumbai, महाराष्ट्र	India	India
S1-292649689	S3-110738950	S3	Global Services Private Limited	গ্লোবাল সার্ভিসেস প্রাইভেট লিমিটেড	2-Floor, 2/D Panditya Road, Kolkata, Kolkata, Howrah, West Bengal	2-Floor., Howrah, N/A, WB, Kolkata	India	India
S1-309101313	S2-749718941	S2	Uniglobe Properties Limited	uproperties.com	C/O-Suryadev Kumar, Patel Colony, Patna Sadar, Sampatchak, Patna, Bihar	PLOT 897 C/O-SURYADEV KUMAR, PATNA, SAMPATCHAK, बिहार	India	India
S1-403028834	S2-702709324	S2	Piedmont Construction LLC	Piedmont Cossriucion LLC	OK, 917 Linn Lane, Yukon	917 LINN LN, YUKON, OK	US	US
S1-745839307	S3-218169504	S3	Innovative Agro Private Limited	innovativeagro.com	No.1, Ground Floor, H I M Towers, 9Th Cross Kempegowd Layout Nageshwara Nagebahalli, Bangalore, Karnataka	No.g-1, Bangalore, KA	India	India
S1-533445371	S2-932725445	S2	Vea LLC	vea.com	Gig Harbor, WA, 5001 28th Street	GIG HARBOR, 5001 28ST STREET, WA	US	US
S1-487408870	S3-282824865	S3	Jones Smart Prudential Inc	Jones Smart  Inc Center	2519 Wright Avenue, Benton, AR	2519 Wright Ave, Benon, Arkansas	US	US
S1-797931932	S3-977612403	S3	Electronic Wellness Networks, Inc	Electronic Wellness Inc Services	11903 Oak Street, Jenks, OK	Jenks, Oklahoma, Oak St	US	US
S1-226564818	S3-439796269	S3	Literacy Fund LLC	(Services) Literacy LLC	414 B White Oak Street, High Point, NC	414 B White Oak Saint, HIGH Point CITY, North Carolina	US	US
S1-953470089	S3-613209073	S3	Tirupati Systems Limited	Tirupati Ssyetms Limited	C/O Mangesh Waman Nirantar, Shop No. G-1, F-Building, Kasliwal Suvarnayog, Garkhed, A, Aurangabad, Maharashtra	Aurangabad, महाराष्ट्र, C/o Mangesh Waman Nirantar, Aurangabad	India	India
S1-558634684	S2-536166686	S2	Prime Food Private Limited	PRIME PRIVATE LIMITED SERVICE	Plot No. 23, Zone-1 M.P. Nagar, Bhopal, Madhya Pradesh	NO 23 , ZONE-1 M.P. NAGAR, BHOPAL, मध्य प्रदेश	India	India
S1-829348020	S2-19151888	S2	All Management Limited	ఆల్ మేనేజ్‌మెంట్ లిమిటెడ్	52-12-1 Rajendra Nagar, Rajahmundry, Guntur, Andhra Pradesh	#54-12-1 RAJENDRA NAGAR, RAJAMAHENDRAVARAM, GUNTUR, ఆంధ్రప్రదేశ్	India	India
S1-536948776	S2-376450162	S2	I+ Corporate Inc.	I+ Coporae Inc.	718 94, Warwick, NY	718 94, PMB 8827, FLORDA, NY	US	US
S1-536638885	S3-725022233	S3	Mega Advisors Limited	M/s Mega Ádvisors	A-99, Karan Vihar Ph V, New Delhi, Delhi	A-99, New Delhi, DL	India	India
S1-355649086	S3-804821727	S3	Sigma Brothers Pvt. Ltd.	Sigma Bróthers (ID: 77453)	Agasthi Apartment, P. No. 65 F.No.T-2, Dhighori, Nagpur, Maharashtra	Agasthi Apartment, Nagpur, MH	India	India
S1-261360486	S3-370085344	S3	Dynasty & Co	Dngty & Co	A-108 Vasundhara, Apartment Dwarka Sector 6, New Delhi, South West Delhi, Delhi	H.no 447 A-108 Vasundhara, New Delhi, South West Delhi, DL	India	India
S1-761888543	S3-168539258	S3	Jhk Industries Private Limited	Jhk Private  Limited Partners	P-3, New C.I.T.Road Second Floor, Kolkata, Kolkata, Howrah, West Bengal	P-003, Kolkata Region, Howrah, WB	India	India
S1-745839307	S2-148602546	S2	Innovative Agro Private Limited	ಇನೋವೇಟಿವ್ ಅಗ್ರೋ ಪ್ರೈವೇಟ್ ಲಿಮಿಟೆಡ್	No.1, Ground Floor, H I M Towers, 9Th Cross Kempegowd Layout Nageshwara Nagebahalli, Bangalore, Karnataka	Karnataka, BANGALORE, NO.1	India	India
S1-989439466	S2-320065734	S2	Value Digital Concepts	Value Digital Cnnesrs	20464 Cooks Drive, Marshall, IL	020464 COOKS DR, DEENNISON CDP, IL	US	US
S1-98579303	S3-690119410	S3	Indian Technologies	ইন্ডিয়ান টেকনোলজিস	Flat 19/1/16, Nabin Chandra Das Road, Kolkata, Kolkata, Howrah, West Bengal	Flat 19/1/16, Howrah, Kolkata, WB	India	India
S1-302710833	S3-77639341	S3	Kial Weaver Signature Associates Halifax	Kial Weaver  Signature	NC, 6961 301, Halifax	961 301, <NULL>, Halifax, North Carolina	US	US
S1-224534945	S2-518930624	S2	Gitanjali Realestate Private Limited	PRIVATEREALESTATE.COM #85158	Khasra No 950, 950 Me And 951, Village Kilhora Jalalabad Hapur, Hapur, Ghaziabad, Uttar Pradesh	950., GHAZIABAD, NEW DELHI, Uttar Pradesh	India	India
S1-699955992	S3-130546119	S3	Diaz Grifols LLC	Center Diaz LLC	3817 Crane Street, Independence, MO	381 Crane St, Independence, Missouri	US	US
S1-915479091	S2-369580474	S2	Better Axiom Inc	ONYXVANTAGE	13803 Gullane Drive, Prince William County, VA	13803 GULLANE DRIVE, WOODBRDIGE, VA	US	US
S1-417074218	S3-387274034	S3	One Constructions Private Limited	वन कंस्ट्रक्शंस प्राइवेट लिमिटेड	130, Zahoor Garden, Khaggu Sarai, Sambhal, Moradabad, Uttar Pradesh	130, Moradabad, Sambhal, UP	India	India
S1-66358218	S3-845831671	S3	Marsh & Hicks Inc	Avisyn	1204 Nottingham Drive, Cary, NC	1204-B Nottingham Dr, Cary, North Carolina	US	US
S1-703703543	S3-24409234	S3	Cultural Charities Inc.	Cultural Chnrntes Inc.	142 32nd Avenue, Eugene, OR	142 32rd Ave, Eugene, Oregon	US	US
S1-519482575	S2-599641873	S2	Eurasia Foods	efoods.com	Apsara Villa 17 D Crossindira Nagar Ii Stage, Bangalore, Karnataka, Bangalore	HN #406 APSARA VILLA 17 D CROSSINDIRA NAGAR II STAGE, BENGALURU, null, ಕರ್ನಾಟಕ	India	India
S1-251311978	S3-956048801	S3	Banks and Ratcliff Bread LLC	bánksratcliffbread.com	1504 2nd Avenue, Eugene, OR	1504 Second Ave, Oregon, Eugene	US	US
S1-376656562	S3-92189114	S3	Vijay Care Private Limited	വിജയ് കെയർ പ്രൈവറ്റ് ലിമിറ്റഡ്	1497/16, Eacharath H Mannuthy P.O., Thrissur, Kerala	1497/16, Thrissur, KL	India	India
S1-457935815	S2-921287816	S2	Liberty Family Office PLLC	Liberty Family PLLC Partners	1028 Horah Street, Salisbury, NC	1028 HORAH ST, PO BOX 9354, SALISURY, NC	US	US
S1-521143416	S2-778845793	S2	Dreddy Lowe, CPA Clinic	#dreddylowe	930 Trout Street, Staunton City, VA	930 TROUT ST, STAUNTON, VA	US	US
S1-558634684	S2-623955087	S2	Prime Food Private Limited	प्राइम फूड प्राइवेट लिमिटेड	Plot No. 23, Zone-1 M.P. Nagar, Bhopal, Madhya Pradesh	PLOT NO. 23, BHOPAL, मध्य प्रदेश	India	India
S1-521605108	S3-725998443	S3	Mayur & Co	Mayur Co Services	S-1, Dda Local Shopping Compex, Mayur Vihar, Phase-1, Delhi, East Delhi, Delhi	S-1, Delhi, East Delhi, DL	India	India
S1-571777559	S2-105253566	S2	Blue Power Private Limited	ब्लू पावर प्राइवेट लिमिटेड	Plot No 78 Ajmer Road, Sukhadiya Nagar, Bhilwara, Bhilwara, Rajasthan	#78 AJMER ROAD, BHILWARA, Rajasthan	India	India
S1-795631320	S3-603278752	S3	Smart Trading Private Limited	ಸ್ಮಾರ್ಟ್ Trading ಪ್ರೈವೇಟ್ ಲಿಮಿಟೆಡ್	Flat No-1/22, Vijaya Enclave Nb, Bangalore South, Bangalore, Karnataka	Flat No-1/22, Bangalore, Bangalore South, ಕರ್ನಾಟಕ	India	India
S1-965549055	S3-537422052	S3	Wilson Toyo LLC	LLC Wilson Tafo	120 Lake Drive, Stevensville, MD	120C Lake Dr, Stevensville, Maryland	US	US
S1-639096068	S3-515416988	S3	India Impact Development Limited	India Impact Limited Services	W 21/674, Beach Road, Alleppey, Alappuzha, Kerala	W 21/674, Alappuzha, Keralam	India	India
S1-680585243	S3-159422096	S3	National Platinum Qdro Inc	National Phtiatmm Qdro Inc	MO, 105 Azalea Street, Duenweg	105 Azalea St, Missouri, Duuenweg	US	US
S1-419235241	S2-331102815	S2	Zirain Eco Limited	DOVAEVO	T-Hub Foundation 1/C 83/1, Level 6 Raidurg, Panmakth, Shaikpet, Hyderabad, Telangana	NO. 524 T-HUB FOUNDATION 1/C 83/1, Telangana, SHAIKPET	India	India
S1-95503899	S2-950137390	S2	Unique Investment Limited	यूनिक इन्वेस्टमेंट लिमिटेड	H.No. 1152, Kashiprayag Bumglow, Champa Nagari, Jail Road, Dasak Nasik Road, Nashik, Maharashtra	H.NO. 1152, NASHIK, Maharashtra	India	India
S1-705961596	S3-762367919	S3	IMQ Eye Private Limited	lMQ Eye Private Ltd	M.C.B.-Z-6-22224/0003 Main Road, Adarsh Nagar, Goniana Road, Bathinda, Punjab	M.c.b.-z-d/6-22224/0003 Main Road, Bathinda, PB	India	India
S1-171653159	S2-531915848	S2	First Hospitality LLP	फर्स्ट हॉस्पिटैलिटी एलएलपी	Wz-351, Delhi, Shakurpur Village, Delhi	WZ-351, WEST DELHI, DELHI, दिल्ली	India	India
S1-952136084	S2-899756617	S2	Golden Wellness International LLC	Golden Wellness LLC Partners	4871 Hannover Avenue, Fl 0, Saint Louis, MO		US	US
S1-932827505	S2-204169449	S2	Jk Technologies Private Limited	jktechnologies.com	A-107, Sector-63, G B Nagar, Noida, Gautam Buddha Nagar, Uttar Pradesh	उत्तर प्रदेश, 291 A-107, GAUTAM BUDDHA NAGAR, NOIDA	India	India
S1-511355563	S2-413889574	S2	Hotel Technologies Private Limited	होटल टेक्नोलॉजीज प्राइवेट लिमिटेड	Pune, Flat No. A5 506, Genesis, Sr. No. 123/1/2 And 123/1/3, Maharashtra, Pune	SR. NO. 123/1/2 AND 123/1/3, PUNE, Maharashtra, PUNE	India	India
S1-75134768	S2-623236074	S2	Urban Tech	আরবান টেক	Calcutta, 71 B R B Basu Rd, West Bengal, Kolkata	71 B R B BASU RD, CALCUTTA, পশ্চিমবঙ্গ	India	India
S1-795631320	S3-150741082	S3	Smart Trading Private Limited	ಸ್ಮಾರ್ಟ್ ಟ್ರೇಡಿಂಗ್ ಪ್ರೈವೇಟ್ ಲಿಮಿಟೆಡ್	Flat No-1/22, Vijaya Enclave Nb, Bangalore South, Bangalore, Karnataka	KA, Flat No-1/22, Bangalore, Bangalore South	India	India
S1-960756168	S3-620228265	S3	Board of Public Works	8oard of Puli Works	13265 601, Midland, NC	1326 601, Midland, North Carolina	US	US
S1-292649689	S3-182160243	S3	Global Services Private Limited	গ্লোবাল সার্ভিসেস প্রাইভেট লিমিটেড	2-Floor, 2/D Panditya Road, Kolkata, Kolkata, Howrah, West Bengal	2-Floor., N/A, Howrah, Kolkata, WB	India	India
S1-134717804	S2-265461500	S2	Guru Hospitality Private Limited	ಗುರು ಹಾಸ್ಪಿಟಾಲಿಟಿ ಪ್ರೈವೇಟ್ ಲಿಮಿಟೆಡ್	Karnataka, 7Th Cross, Msr Homes Naggappareddy Layout, B.Narayanapura, Bangaore, Bangalore, H.No 36	#36, BANGAORE, BANGALORE, Karnataka	India	India
S1-17339733	S3-215898478	S3	Pediatric Dentistry Care Associates Inc	dentistrycare.com	Norwich, CT, 59 Grant Court	59 Grant Court, Norwich, Connecticut	US	US
S1-292649689	S2-581839464	S2	Global Services Private Limited	গ্লোবাল সার্ভিসেস প্রাইভেট লিমিটেড	2-Floor, 2/D Panditya Road, Kolkata, Kolkata, Howrah, West Bengal	H.NO 411 2-FLOOR, 2/D PANDITYA ROAD, KOLKATA, CALCUTTA, HOWRAH, পশ্চিমবঙ্গ	India	India
S1-499302167	S3-469734598	S3	Shree Industries Private Limited	શ્રી ઇન્ડસ્ટ્રીઝ પ્રાઇવેટ લિમિટેડ	Plot No. 265, G. I. D. C. Estate Sachin, Surat, Gujarat	Surat, Vadodara Region, No 265, GJ, G. I. D. C. Estate Sachin	India	India
S1-42596820	S3-810444824	S3	Lakshmi Construction Private Limited	लक्ष्मी कंस्ट्रक्शन Private Limited	B-11/C-2, Malviya Nagar, Ind. Area, Jaipur, Rajasthan	Jaipur, B-011/c-2, Ind. Area, RJ	India	India
S1-898630961	S2-484694083	S2	Best Infra Limited	बेस्ट इंफ्रा लिमिटेड	Naman Centre, C-31, Bandra Kurla Complex, G-Block, Opp Dena Bank, Mumbai, Maharashtra	NAMAN CENTRE, MUMBAI, Maharashtra	India	India
S1-796024407	S2-560403084	S2	Celinka Walters Ramaco LLC	Ce1inka Waeors Ramaco LLC	2929 Dougherty Ferry Road, Unit APT 110, Saint Louis, MO	2929-2931 DOUGHERTY FERRY RD, SAINT LOUIS, MO	US	US
S1-448345019	S3-452820751	S3	Urban Construction Private Limited	urbanconstruction.com	Flat No. B1/604, Minar Regency Talao Pali Mumbra, Thane, Maharashtra	#899 Flat No. B1/604, Thane, महाराष्ट्र	India	India
S1-367965660	S2-629863367	S2	Poole, Goe and Voss, LLC	poolegoevoss.com	195 Myers Drive, Gurley, AL	GURLEY, 00195 MYERS DR, AL	US	US
S1-377745466	S3-402918963	S3	B+ Retail Inc	B+ Rétail Incorporated	1712 Montebello Avenue, Phoenix, AZ	1712 Montebello Ave, Northeast, Arizona	US	US
S1-89160825	S3-700656227	S3	Delhi Servicesprivate LLP	(Services) Delhi LLP	38, Ajanta Appartment I P Extn., Delhi, East Delhi, Delhi	0038, Delhi, East Delhi, DL	India	India
S1-856667356	S2-442224793	S2	Laxmi Services Limited	ਲਕਸ਼ਮੀ ਸਰਵਿਸਿਜ਼ ਲਿਮਟਿਡ	W/O Balwinder Ram, Shop No. 5 Railway Road, Garhshankar, Hoshiarpur, Punjab	HOSHIARPUR, W/O BALWINDER RAM, HOSHIARPUR, Punjab	India	India
S1-208973592	S2-481660181	S2	Morgan Ameren Inc	INC MORGAN AEMBERN	LA, 266 Enterprise Drive, Houma	266 ENTERPRISE DR, BAYOU CANE, LA	US	US
S1-71265566	S3-4947094	S3	One International Private Limited	One Intenratloanl Private Limited	1-61/Smrvc/B1/908/B1-1 Miyapur, Serilingampally, Hyderabad, Telangana	Hyderabad, తెలంగాణ, Hyderabad, 1-61/Smrvc/B1/908/B1-1 Miyapur	India	India
S1-666435696	S3-427834989	S3	Apex Pinnacle Music Group	Apex Music Music Group Services	NC, Albemarle, 29569 Forrest Road	Forrest Road, Albemarle, North Carolina	US	US
S1-500552277	S3-628706426	S3	U Q & Z Kimco	U Q + Z	105 Susan Court, Winchester, KY	Winchester, Kentucky, 105 Susan Ct	US	US
S1-492467148	S2-946846997	S2	Cure Bike Shop	Cure Bike Smcop	1317 University City Boulevard, Unit APT 5, Blacksburg Town, VA	1317 UNIVERSITY CITY BOULEVARD, PO BOX 3338, BLACKSBURG, VA	US	US
S1-697294833	S2-991665762	S2	Shiva Media Private Limited	शिवा मीडिया प्राइवेट लिमिटेड	818B, The Camellias, Golf Course Road, Sector 42, Gurgaon, Haryana, Galleria Dlf-Iv	818B, GALLERIA DLF-IV, GURGAON, Haryana	India	India
S1-136894582	S3-975464331	S3	Economic Development United Fellowship	Economic Dvéegpemnt United Fellowship	3841 Forsyth Park Court, Greenville, NC	Winterville, North Carolina, 3841 Forsyth Park Ct	US	US
S1-543144015	S2-284196531	S2	Freight Foods	Freight Partners	B.K. Dutt Colony Lodhi Road, Delhi, K-5, New Delhi	HN 950 K-5, B.K. DUTT COLONY LODHI ROAD, दिल्ली	India	India
S1-359497386	S3-828181965	S3	Shakti Global	శక్తి గ్లోబల్	2-40-314/C Ambedkar Nagar, Balamrai, Gymkhana, Hyderabad, Telangana	TG, Hyderabad, Ambedkar Nagar, NULL	India	India
S1-367793476	S3-770171112	S3	Tech Constructions Private Limited	टेक कंस्ट्रक्शंस प्राइवेट लिमिटेड	The Capital, Executive Centre, 7 Th Floor, Plot C70, G Block, Bkc, Ba, Mumbai, Maharashtra	The Capital, Mumbai, Ba, महाराष्ट्र	India	India
S1-835425265	S2-825851111	S2	Green United Solana LLC	Green United	694 E Side Drive, Unit F, Layton, UT	EAST SIDE DRIVE, LAYTON, UT	US	US
S1-615738219	S3-6559536	S3	Rahul Brothers Private Limited	Rahul Private Limited Center	A-279Okhla Phase-I, New Delhi, South Delhi, Delhi	A-00279okhla Phase-i, New Delhi, Vasundhara, दिल्ली	India	India
S1-574943722	S3-675433997	S3	Hayes Unified Regions LLC	Círaumbra	12 School Square, Unit 2, Winchendon, MA	##12 School Sq, Winchendon, Massachusetts	US	US
S1-725482440	S2-897894809	S2	Guru International Private Limited	गुरु इंटरनेशनल प्राइवेट लिमिटेड	Plot No - D-13/5, 13/6 13/7 Ttc Indl Area Turbhe, Navi Mumbai, Thane, Maharashtra	PLOT 277 PLOT NO - D-13/5, THANE, NAVI MUMBAI, Maharashtra	India	India
S1-904228116	S3-295583017	S3	Office of Aging	Officeagingcom	2637 Greenbrier Drive, Hinton, WV	West Virginia, Hinton, 637 Greenbrier Dr	US	US
S1-277014552	S3-448296506	S3	Tech Consulting Private Limited	टेक कंसल्टिंग प्राइवेट लिमिटेड	Pl No. 1, Fl No. 2, Priyanka Kunj Co-Op Hsg. Soc., Kothrud, Pune, Sr. No. 5, Pune, Maharashtra	Sr. No. 5, Pune, MH	India	India
S1-543291404	S2-728000855	S2	Southern Technologies Private Limited	Southern ടെക്നോളജീസ് പ്രൈവറ്റ് ലിമിറ്റഡ്	Excelsior Building Thengana, Perumpanachy P.O., Changanacherry, Kottayam, Kerala		India	India
S1-959189311	S2-151292966	S2	Allied Pembina	ALLIED PAEINA	Nashville, 519 Yokley Road, TN	519 YOKLEY RD, NSAHVILLE, TN	US	US
S1-842497118	S2-324185926	S2	Atlantic Chiron	Atlantic Services	3744 Blue Trace Lane, Farmers Branch, TX	3744  BLUE TRACE LANE, PO BOX 7894, DALLAS CDP, TX	US	US
S1-756304715	S3-919158992	S3	Choice Rate	Wexdova	2333 Sierra Madre Court, Rancho Cordova, CA	233 Sierra Madre Ct, PMB 1086, Rancho Cordova CITY, California	US	US
S1-992003464	S2-762264647	S2	Aashi & Co Corp	Atasfhi & Co Corp	Row House 10Syno246/1Mani, Konda Chitrapuri Colony, Rangareddy, Telangana	HN 180 ROW HOUSE 10SYNO246/1MANI, NULL, RANGAREDDY, Telangana	India	India
S1-128347375	S3-848225821	S3	Anand Green Logistics Private Limited	आनंद ग्रीन लॉजिस्टिक्स प्राइवेट लिमिटेड	107 First Floor Plot No-6T.C, Jaina Tower -2 District Centre Janak New Delhi, Delhi, Jaina Tower -2 District Centre Janak New Delhi, Delhi, New Delhi, West Delhi, Delhi	107 First Floor Plot No-6t.c, New Delhi, दिल्ली	India	India
S1-212460801	S2-40562774	S2	Clyyn Pan PLLC	Cns-Pan PLLC	209 Simpson Road, Marlborough, MA	MA, MARBOROUGH, 209 SIMPSON RD	US	US
S1-307708702	S3-466131574	S3	Apple Vanijya (India) Corp	Mr Apple (India) Corp Center	14F/1M Dum Dum Road, Kolkata, Howrah, West Bengal	14F/1M Dum Dum Road, Kolkata, 24 Paraganas North, WB	India	India
S1-464518977	S2-882988803	S2	Onyx Alpine LLC	Jaxpyra	3212 59th Street, Seattle, WA	59TH ST, SEATTLE, WA	US	US
S1-800915873	S3-595714899	S3	Adams, Williams and Alexander Carolina LLC	LLC Adams, Williams and Aelxagre Carolina	7333 Lynn Avenue, Fl 0, Saint Louis, MO	7333-D Lynn Avenue, Floor 0, Saint Louis, Missouri	US	US
S1-823546667	S2-78487028	S2	Sunrise Infrastructure Pvt Ltd	સનરાઇઝ ઇન્ફ્રાસ્ટ્રક્ચર પ્રા. લિ.	P No 42, 1St Floor, Devchand, U M Road, Surat City, Surat, Gujarat	P NO 42, SURAT, SURAT CITY, Gujarat	India	India
S1-564729135	S2-327309238	S2	Dream Construction Limited	డ్రీమ్ కన్‌స్ట్రక్షన్ లిమిటెడ్	H.No.16-11-23/37/A, 2Nd Floor, Flat No.207, Sagar Hotel Building, Opp.Rta Office, Mo, Osarambagh, Hyderabad, Telangana	H.NO 16-11-23/37/A, OSARAMBAGH, HYDERABAD, Telangana	India	India
S1-630223771	S3-815538600	S3	All International LLP	ऑल इंटरनेशनल एलएलपी	Office 105, Flr-1, Sujata Chambers, Abhaychand Gandhi Marg, Mirchi Gully Masjid Stn Man, Dvi, Mumbai, Mumbai City, Maharashtra	Office C-105, Mumbai Ii, MH	India	India
S1-27158214	S2-909414276	S2	Darby Thomas News LLC	Darby Thnmdsa News LLC	125 Seward Street, Smyrna, TN	125 SWEARD ST, SMYRNA CITY, TN	US	US
S1-908551239	S2-788299668	S2	Sun Solutions Private Limited	सन सॉल्यूशंस प्राइवेट लिमिटेड	F No. 403, Sudha Nill Aptt, New P P Colony, Patliputra, Patna, Bihar	PATNA, F NO. 40, PATNA, Bihar	India	India
S1-216181354	S3-317748253	S3	United Consultants Private Limited	यूनाइटेड कंसल्टेंट्स प्राइवेट लिमिटेड	1/522A, Survey No 52, Rajput Associates, Kolkhe, Panvel, Raigarh(Mh), Maharashtra	001/522A, Panvel, महाराष्ट्र	India	India
S1-701003373	S3-23997241	S3	Sampson & Cunningham LLC	Sampson and Cnningrhgma LLC	23560 259th Street, Mc Louth, KS	##23661 259nd St, Mc Louth, Kansas	US	US
S1-785336105	S3-363331884	S3	Gambhir Trust	gtrust.com	8/496, Trichy Road, Coimbatore, Tamil Nadu	H.no 358 8/496, Coimbatore, தமிழ்நாடு	India	India
S1-92729851	S3-149647877	S3	Capital Council Inc	Capital Cunctl  Inc	221 Main Street, Florence, KY	22 Main St, Florence, Kentucky	US	US
S1-216181354	S3-685337179	S3	United Consultants Private Limited	यूनाइटेड कंसल्टेंट्स प्राइवेट लिमिटेड	1/522A, Survey No 52, Rajput Associates, Kolkhe, Panvel, Raigarh(Mh), Maharashtra	001/522A, Panvel, Raigarh(mh), MH	India	India
S1-744315333	S3-100306586	S3	Vision Associates LLC	Vision Acsscis LLC LLC	660 Olive Avenue, Stratford, OK	66 Olive Ave, Stratford, Oklahoma	US	US
S1-262975311	S2-265468345	S2	Global Trust LLC	Ectolyra	Leominster, MA, Unit 4, 42 Main Street	62 MAIN SAINT, LEOMINSTER, MA	US	US
S1-306095185	S3-261575641	S3	Leo International School	Leo School Center	Mumbai, Maharashtra, Mumbai City, Al-Safa Chs, Millat Nagar, Andheri (West), 104/A-1	104/A-1, Mumbai, महाराष्ट्र	India	India
S1-366279397	S2-750964323	S2	Lakshmi Systems Private Limited	லட்சுமி சிஸ்டம்ஸ் பிரைவேட் லிமிடெட்	Old No.4/222, New No.14/118, Gangai Amman Koil Street, Periya Koluthuv, Ancherri, Iyyappanthangal, Chennai, Tamil Nadu	IYYAPPANTHANGAL, CHENNAI, OLD NO.4/222, தமிழ்நாடு	India	India
S1-500552277	S3-829483271	S3	U Q & Z Kimco	U Q & Kimco Center	105 Susan Court, Winchester, KY	105 Susan Ct, Winchester, Kentucky	US	US
S1-865131206	S3-652513823	S3	Helios	Hiros	66 Edgewood Street, Bridgeport, CT	Connecticut, 66 Edgewood St, Bridgeport	US	US
S1-549612411	S2-493572232	S2	Loex Maritime PC	Lumdovajax	Philipsburg, Unit CARRIAGE HSE - APT C, 51 Rocking J Ranch Lane, MT	51 ROCKING J RANCH LN, PHILIPSBURG, MT	US	US
S1-422772138	S2-786010216	S2	Real Enterprises Private Limited	रियल एंटरप्राइजेज प्राइवेट लिमिटेड	Shop No G 10, Parksyde Business Avenue, Nashik, Maharashtra	SHOP NO G #10, NASHIK, Maharashtra	India	India
S1-359497386	S3-347606257	S3	Shakti Global	శక్తి గ్లోబల్	2-40-314/C Ambedkar Nagar, Balamrai, Gymkhana, Hyderabad, Telangana	Ambedkar Nagar, NULL, Hyderabad, TG	India	India
S1-41217356	S2-59327396	S2	Dental Valley Specialists LLC	LLC Denta1 Valley Sfpceilifts	4 Curtis Street, Peabody, MA	#4 CURTIS ST, PEABODY CDP, MA	US	US
S1-619314161	S3-60551644	S3	Real Investments Private Limited	रियल इन्वेस्टमेंट्स प्राइवेट लिमिटेड	8 Khasra No-914 Manas Nagar, Kanpur Road, Lucknow, Uttar Pradesh	No 8- Khasra No-914 Manas Nagar, Lucknow, UP	India	India
S1-506720235	S3-69225334	S3	Strategic Pioneer Priority Inc.	Strategic Pioneer Inc. [Service]	1216 Lakeside Drive, Harpers Ferry, WV	Harpers Ferry, West Virginia, Lakeside Dr	US	US
S1-455885431	S2-906513579	S2	Lyrial Aria	Lyria1-Aria	21406 Catalina Circle, Rehoboth Beach, DE	21406 CATNLINA CIR, REHOBOT HBEACH TOWNSHIP, DE	US	US
S1-603442937	S2-133657619	S2	Skill Agro Private Limited	Skill Agro Limited Partners	3/101 Shree Krishan Avenyu Face, Limbodi, Indore, Madhya Pradesh		India	India
S1-223621109	S3-15370997	S3	Pioneer Projects LLP	Pioneer  Plocits LLP	Rohtak, Khewat No. 93, Kh No 197, Rajender Nagar, Plot No 12, Haryana	Plot No 12, Haryana, Rohtak, HR	India	India
S1-499302167	S2-148775637	S2	Shree Industries Private Limited	શ્રી ઇન્ડસ્ટ્રીઝ પ્રાઇવેટ લિમિટેડ	Plot No. 265, G. I. D. C. Estate Sachin, Surat, Gujarat	PLOT NO. 265, SURAT, ગુજરાત	India	India
S1-492536604	S2-15424811	S2	Urban Properties Pvt Ltd	अर्बन प्रॉपर्टीज प्रा. लि.	Sno.25/8, Pune, Navecha Road, Nr. Durga, Pimple Gurav, Maharashtra, Pune	SNO.25/8, PUNE, Maharashtra	India	India
S1-803590345	S3-728674730	S3	Horizon LLC	Hosinn LLC	1109 Pea Ridge Road, Huntington, WV	1109 Pea Ridge Road, null, Huntington, West Virginia	US	US
S1-630223771	S3-587424087	S3	All International LLP	All LLP Center	Office 105, Flr-1, Sujata Chambers, Abhaychand Gandhi Marg, Mirchi Gully Masjid Stn Man, Dvi, Mumbai, Mumbai City, Maharashtra	Office C-105, Mumbai Ii, MH	India	India
S1-96384915	S3-62224210	S3	Urban Agro LLP	अर्बन एग्रो एलएलपी	C/O Shree Chand, Vill Maithna Inder Singh, Meerut, Uttar Pradesh	C/o Shree Chand, Meerut, UP, Meerut, N/A	India	India
S1-201376315	S2-535697978	S2	E/I World	E/I Wold	VA, 117 Elliot Street, Augusta County	117 ELLIOT STREET, STAUNTON CPD, VA	US	US
S1-279028557	S2-728877716	S2	Torres Oxley Corp	Torres  Oxley | www.torresox.com	908 Market Street, Benson, NC	MARKET ST, BENSON CITY, NC	US	US
S1-869118709	S3-73084608	S3	Southern Healthcare Private Limited	सदर्न हेल्थकेयर प्राइवेट लिमिटेड	D-10 Empire Residency Nea, R Agarwal Public School, Indore, Madhya Pradesh	D-10 Empire Residency Nea, Indore, MP	India	India
S1-833798119	S3-342879520	S3	Regional Spruce LLC	Regional Sraoe LLC	10 N1026, Eagar, AZ	10 N1026, Apache County, Arizona	US	US
S1-780893579	S3-676674812	S3	Godbole City Corp	Zephwex	Building No. 61/245- B2, Zeia Arcade, Church Landing Road, Pallimukku, Kochi, Ernakulam, Kerala	Building No. ##61/245- B2, Kochi, Ernakulam, കേരളം	India	India
S1-476024246	S3-309211196	S3	Big Ventures Private Limited	બિગ વેન્ચર્સ પ્રાઇવેટ લિમિટેડ	Sir Mount, Near Vasupujya Bunglows, S.G. Road, Satelite, Ahmedabad, 5Th Fl. 501, Ahmedabad, Gujarat	5Th Fl. 501, Ahmedabad, GJ	India	India
S1-795631320	S2-526762534	S2	Smart Trading Private Limited	ಸ್ಮಾರ್ಟ್ ಟ್ರೇಡಿಂಗ್ ಪ್ರೈವೇಟ್ ಲಿಮಿಟೆಡ್	Flat No-1/22, Vijaya Enclave Nb, Bangalore South, Bangalore, Karnataka	FDAT NO-1/22, BANGALORE SOUTH, BANGALORE, ಕರ್ನಾಟಕ	India	India
S1-748364403	S3-940222258	S3	Eye Group	Eye Gr0up	802 Buffalo Street, Unit 8, Johnson City, TN	802 Buffalo St, # 8, Johnson City, Tennessee	US	US
S1-203667972	S2-227806252	S2	Taylor White Inc.	TAYLOR INC. INC. WHITE	7519 55, Seven Springs, NC		US	US
S1-98065022	S3-11307508	S3	Care Consultants	Care Service	Survey No. 29, Plot No. 2, B/H Navjivan Way Bridge, Himatnagar, Sabarkantha, Gujarat	Survey No. 29, Plot No. 2, B/h Navjivan Way Bridge, NULL, GJ	India	India
S1-908498505	S3-70675543	S3	LO Venture LLC	Fayelyra	620 2nd Street, City Of Baraboo, WI	620 Second Street, Baraboo, Wisconsin	US	US
S1-851869949	S2-915265864	S2	Custom Wealth Services LLC	Custom Wealth LLC Partners	OH, Columbus, 5559 Orville Avenue	555 ORVILLE AVENUE, PO BOX 3877, COLUMBUS, OH	US	US
S1-62329201	S2-2637735	S2	Urology Center Inc.	UROLOGYCENTER.COM (ID: 95871)	695 Empire Boulevard, Irondequoit, NY	694 EMPIRE BLVD, IRONDEQUOIT, NY	US	US
S1-133037285	S3-33144658	S3	Christ Chapel	Christ Center	2100 Cameron Drive, Unit APARTMENT G, Dundalk, MD	210 Cameron Dr, # Apartment G, Dundalk, Maryland	US	US
S1-837908386	S2-178477919	S2	A Cure 3 You Inc.	Ínc. A Cure 3 Y0u	103 Hampton Lee Court, Unit 1A, Cary, NC	103 HAMPTON LEE CT, CARY, NC	US	US
S1-618570184	S2-136216991	S2	Advanced Barings	Advanced Baaidnsg	107 Margin Street, Orono, ME		US	US
S1-824076722	S3-691802600	S3	Al Enterprises Pvt Ltd	Smt Alenterprises.Com	Office No-201, 2Nd Floor, Global Square, Cts No-1505, S.No-247, Yerwada, Pune City, Pune, Maharashtra	Offcie No-201, Pune City, Pune, महाराष्ट्र	India	India
S1-652651286	S2-759093679	S2	Mumbai Marine Pvt Ltd	LTD MUMBAI PVT [CENTER]	Godown No-2A Sunderville, Mumbai, Maharashtra, Mumbai City, Co-Operative Society Ltd S.V.Road, Next To Vijay Sales, Santacruz, (West)	MUMBAI, GODOWN NO-2A SUNDERVILLE, MUMBAI CITY, महाराष्ट्र	India	India
S1-870254921	S2-769703757	S2	Vm India Private Limited	Priaate Vm lndia Limited	Kanjirathani, Vattakkunnu, Kappur P.O, Ottappalam, Palakkad, Kerala	DOOR NO 52 KANJIRATHANI, OTTAPPALAM, PALAKKAD, Kerala	India	India
S1-216511119	S3-47618118	S3	Surya Energy Private Limited	सूर्या एनर्जी प्राइवेट लिमिटेड	Nagar Jaipur, Hans Marg, C-252-A, Malviya Nagar, Rajasthan	C-252-a, Hans Marg, Malviya Nagar, RJ	India	India
S1-549086594	S2-808013831	S2	Sun Marketing Private Limited	सन मार्केटिंग प्राइवेट लिमिटेड	D- 8, Gf, Pandav Nagar, East Delhi, Delhi	Delhi, NEW DELHI, D- 08, GF, PANDAV NAGAR	India	India
S1-491925427	S2-944510200	S2	Henson Worldwide, LLC	Henson Wordgwlide, LLC	NY, 2 Weller Road, Unit Lot 2, Brandon	2 WELLER ROAD, NORTH BANGOR, NY	US	US
S1-580432162	S3-57098900	S3	Stephens and Billington LLC	Stephens and Bllnfingno LLC	7530 Kane Court, Northfield, OH	7530 Kane Court, Sagamore Hills Twp, Ohio	US	US
S1-925403791	S2-39762537	S2	12 30 Bhav	UMBRAUMBRA	50 200, Unit OFFICE, Farmington, UT	50 200, FARMINGTON, UT	US	US
S1-63266922	S2-669009722	S2	Lloyd Youth Services	Services Lloyd Center	15 Caleb Crossing, Lloyd, NY	15- CALEB CROSSING, HIGHLAND, NY	US	US
S1-241686597	S2-521249860	S2	Romero Technologies Co	ROMERO CO SERVICES	TN, 27 Creekbend Cove, Jackson	CREEKBEND CV, JACKSON, TN	US	US
S1-535605149	S2-751164711	S2	Supreme Engineering LLP	सुप्रीम इंजीनियरिंग एलएलपी	Shop-04, Gut-41/2, Plot-3/A, 3/B, Pratham Park, Panvel, Raigarh(Mh), Maharashtra	SHOP-1-04, RAIGARH(MH), Maharashtra	India	India
S1-418423816	S2-244371989	S2	Barnes, Campbell & Hillman Guaranty Inc.	BARNES, CAMPBELL AND HIHMTLLN GUARANTY INC.	35 Madison Avenue, Unit Apartment 1C, Spring Valley, NY	35 MADISON AVE, SPRING VALLEY, NY	US	US
S1-893609958	S3-63293660	S3	Sun Maa Hospitality Private Limited	സൺ മാ ഹോസ്പിറ്റാലിറ്റി പ്രൈവറ്റ് ലിമിറ്റഡ്	Xxi/152, Panadans, Cochin, Universitypost, Kalamasery, Ernakulam, Kerala	Xxi/52, Ernakulam, Keralam	India	India
S1-125331877	S3-898976397	S3	New Delhi Global Corp	Corp New Dfelai Global	New Delhi, Delhi, C-1/67-Old No-4B, West Delhi, Kh No-120/2 Madhu Vihar	C-1/67-old No-4b, New Delhi, DL	India	India
S1-486296456	S2-440266189	S2	Asset Building Fellowship	Asset Building Services	1510 Beaumont Street, Sheppard Afb, TX		US	US
S1-360909582	S3-928751934	S3	Coastal School of Medicine	Tavoavi	3 Astor Ridge Drive, Unit Unit D, Amherst, NY	3 Astor Ridge Dr, Unit Unit D, Bufalo, New York	US	US
S1-621761582	S3-770029994	S3	Dynamic Properties Pvt Ltd	డైనమిక్ ప్రాపర్టీస్ ప్రైవేట్ లిమిటెడ్	39-17-48/1, Main Road, Near 48 Busstop, Visakhapatnam (Urban), Visakhapatnam, Vishakhapatnam, Andhra Pradesh	39-17-48/1, Vizag, Vishakhapatnam, ఆంధ్రప్రదేశ్	India	India
S1-804663373	S2-271689113	S2	Universal Management Private Limited	யுனிவர்சல் மேனேஜ்மெண்ட் பிரைவேட் லிமிடெட்	100 Ft Bye Pass Road, Chennai, Chennai City Corporation, 127, Tamil Nadu	127, CHENNAI, CHENNAI CITY CORPORATION, Tamil Nadu	India	India
S1-84838337	S3-532973078	S3	Little Hair Studio	Little Hair Studio Service Enterprises	20458 Crosslin Road, Earlsboro, OK		US	US
S1-216511119	S3-245059775	S3	Surya Energy Private Limited	Surya Energy Limited Center	Nagar Jaipur, Hans Marg, C-252-A, Malviya Nagar, Rajasthan	C-252-a, Malviya Nagar, राजस्थान	India	India
S1-444149322	S3-633921162	S3	White, Helge W., DDS	White, Heg W., DDS	12007 Rock Spring Dr, Coldstream, KY	12007 Rock Spring Dr, Louisville, Kentucky	US	US
S1-335478469	S3-103297781	S3	Audy Parker Blue Yield Corp	audyparkerblue.com	1064 Dwarf Lane, Bedford County, VA	Dwarf Ln, <NULL>, Bedford County, Virginia	US	US
S1-761585587	S2-586234138	S2	Classic Printing Enterprises Corp	Classic Enterprises Corp Services	22 Hickory Point Road, Constantia, NY		US	US
S1-925403791	S2-595572022	S2	12 30 Bhav	12 30	50 200, Unit OFFICE, Farmington, UT	FARMINGTON, 50 200, UT	US	US
S1-57859332	S3-12427791	S3	Cinder LLC	Csdre LLC	3985 Galloway Drive, Memphis, TN	3985 Galloway Dr, N/A, Tennessee, Memmphis	US	US
S1-335752330	S2-897778962	S2	Ranna Brill Certified Vulcan Upper Allen Township	rannabrillcertified.com	413 Reservoir Road, Upper Allen Township, PA	RESERVOIR RD, MECHANICSBURG, PA	US	US
S1-639708214	S2-757495858	S2	Kent Future Inc	Kent Inc Services	200 Sundance, Unit 0, Capron, IL	200 SUNDANCE, CAPPRON, IL	US	US
S1-633779655	S2-24729487	S2	Aspen Zhejiang LLC	Aspen Zhmg LLC	24304 33rd Avenue, WA, Spanaway		US	US
S1-95925372	S3-963721402	S3	Temple Presbyterian Church	Zephdrex	11802 Hickory Drive, Fort Washington, MD	Hickory Dr, Fort Washington, Maryland	US	US
S1-366279397	S2-888421864	S2	Lakshmi Systems Private Limited	லக்ஷ்மி சிஸ்டம்ஸ் பிரைவேட் லிமிடெட்	Old No.4/222, New No.14/118, Gangai Amman Koil Street, Periya Koluthuv, Ancherri, Iyyappanthangal, Chennai, Tamil Nadu	OLD NO.4/222, CHENNAI, IYYAPPANTHANGAL, Tamil Nadu	India	India
S1-981346708	S2-465848431	S2	Shiva Foods Private Limited	శివ ఫుడ్స్ ప్రైవేట్ లిమిటెడ్	Villa No. 66, Kolla Luxurys, Masjid Banda, Serilingampally, Hyderabad, Telangana	VILLA NO. 66, RANGAREDDY, HYDERABAD, తెలంగాణ	India	India
S1-641249328	S2-143628815	S2	Sacramento Veterans Highland Society	Sacramento [Veterans]	CA, Sacramento, 5741 55th Street	5741-5743 55TH ST, SACRAMENTO, CA	US	US
S1-892577020	S3-586392060	S3	Delta Project	Delta Project Enterprises	Avon, IN, 562 Dylan Drive		US	US
S1-906572599	S2-791262854	S2	Z & B Entergy	Z B & Center	6801 35th Avenue, Fl 1, Lacey, WA	680 35TH AVE, PMB 2233, LACEY, WA	US	US
S1-86094936	S3-505894931	S3	Jain Developers	জৈন ডেভেলপারস	88/A M C Garden Road Dumdum, Kolkata, Calcutta, West Bengal	No 28/A M C Garden Road Dumdm, Kolkata Region, Kolkata, WB	India	India
S1-758075760	S3-449179044	S3	Bharat Investments	Bharat Services Enterprises	No 7, 3Rd Floor, N.W.A Club Road Market Sector Iv Market, West Punjabi Bagh, New Delhi, Delhi		India	India
S1-71296969	S3-103767827	S3	Walter's Horizon Seafood	Walter's Seafood Services	IL, 473 Navajo Trail, Buffalo Grove	473- Navajo Trl, Bufflo Grove, Illinois	US	US
S1-366329737	S2-23560385	S2	Silver Constructions LLP	सिल्वर कंस्ट्रक्शंस एलएलपी	101 Cts No, 917/18 F P No, Near British Library, Pune City, Pune, Maharashtra	#101 CTS NO, PUNE CITY, PUNE, Maharashtra	India	India
S1-208942438	S2-700660628	S2	Phillips & Christensen Storage Inc	INCORPORATED PHlLLIPS & CHRISTENSEN STORAGE	UT, Vernal, 48 100	48 100, VERNAL, UT	US	US
S1-606480359	S2-527210577	S2	Creative Services Private Limited	క్రియేటివ్ సర్వీసెస్ ప్రైవేట్ లిమిటెడ్	H.No.8-3-214/1/A-1, Plot No.B2Madhura Nagar, Hyderabad., Andhra Pradesh, Telangana	H.NO.8-3-214/1/A-1, ANDHRA PRADESH, HYDERABAD., Telangana	India	India
S1-597762257	S3-426660831	S3	Green Logistics Private Limited	ग्रीन लॉजिस्टिक्स प्राइवेट लिमिटेड	E-7, Second Floor, New Delhi, South Delhi, Delhi	South Delhi, No. 225 E-7, DL, New Delhi	India	India
S1-120433302	S2-44772905	S2	Authentic Electro Ltd	BRIXVEO	House No. S-219, Basement, Greater Kailash-Ii, New Delhi, South Delhi, Delhi	HOUSE NO. S-219, NEW DELHI, SOUTH DELHI, Delhi	India	India
S1-2092817	S3-752797834	S3	Hamilton Newtekone	Hamilton Nlewittkone	210 Clark Street, Sweetwater, TN	210 Clark St, Sweetwter, Tennessee	US	US
S1-886002896	S3-664777308	S3	Saenz Empire Martin Corp	Saenz Empire Matfni (Corp)	6522 Portlick Drive, Katy, TX		US	US
S1-344557977	S2-237548317	S2	Smart Industries Private Limited	स्मार्ट इंडस्ट्रीज प्राइवेट लिमिटेड	D-32, New Ashok Nagar New Delhi, New Delhi, East Delhi, Delhi	GAZIPUR DELHI, Delhi, <NULL>, NEW DELHI, D-32	India	India
S1-235258587	S2-382834148	S2	Tri-State Preferred Gsr	Tri-State-Pfnrered Gsr	925 3rd Street, Burlington, IA	IA, BURLINGTON, 925 THIRD ST	US	US
S1-285660164	S3-708196799	S3	Sunrise Dynamic Trading Private Limited	সানরাইজ ডায়নামিক ট্রেডিং প্রাইভেট লিমিটেড	38 Baroda Avenue, Garia, Kolkata, Parganas South, West Bengal	Baroda Avenue, Kolkata, পশ্চিমবঙ্গ	India	India
S1-367793476	S2-253699557	S2	Tech Constructions Private Limited	टेक कंस्ट्रक्शंस प्राइवेट लिमिटेड	The Capital, Executive Centre, 7 Th Floor, Plot C70, G Block, Bkc, Ba, Mumbai, Maharashtra	THE CAPITAL, BA, MUMBAI, Maharashtra	India	India
S1-435229220	S2-822045027	S2	Munoz Banc Co	Lyragild	10421 Larry Street, TX, Houston	1042 LARRY ST, HOUSTON, TX	US	US
S1-501296085	S3-328999650	S3	Valley & Co	CO & VALLEY	Flat No 33 B, Udaygiri 1St, Sector 34, Uttar Pradesh, Gautam Buddha Nagar, Noida	Flta No D/33 B, Noida, Gautam Buddha Nagar, UP	India	India
S1-102881886	S3-673002177	S3	Saugerties, Township Of Inc.	Ectoriza	3185 9W, Saugerties, NY	9W, New York, Saugerties	US	US
S1-892015074	S3-817353302	S3	New Food	న్యూ ఫుడ్	Sy No 802, 806, 807, Beeramguda, Ramachandrapuram, Medak, Telangana	Hyderabad City Region, Medak, 806, 807, Beeramguda, తెలంగాణ, Plot 388 Sy No 802	India	India
S1-580992307	S2-609372791	S2	Creative Baba It Private Limited	क्रिएटिव बाबा आईटी प्राइवेट लिमिटेड	D220, S/Floor Defence Colony, New Delhi, South Delhi, Delhi	HN 638 D220, NEW DELHI, SOUTH DELHI, दिल्ली	India	India
S1-669413769	S2-805282132	S2	First Investment Private Limited	ফার্স্ট ইনভেস্টমেন্ট প্রাইভেট লিমিটেড	57B, Purna Das Road, Kolkata, Howrah, West Bengal	5-7B, KOLKATA, পশ্চিমবঙ্গ	India	India
S1-726860670	S3-165705146	S3	Oneil National Sprott, Inc	Oneil National Inc Sprott, | www.oneilnati.com	18 Morning Dew Drive, Asheville, NC	18 Morning Dew Dr, Asheville, North Carolina	US	US
S1-893609958	S3-90868895	S3	Sun Maa Hospitality Private Limited	sunmaahospitality.com	Xxi/152, Panadans, Cochin, Universitypost, Kalamasery, Ernakulam, Kerala	Xxi/52, Ernakulam, Keralam	India	India
S1-20679780	S3-354586828	S3	Red Power LLP	ரெட் பவர் எல்எல்பி	No.47, 86Th Street, Kanniappa Nagar Ashok Nagar, Chennai, Tamil Nadu	#47, Chennai, தமிழ்நாடு	India	India
S1-388325812	S3-131944817	S3	Slate Inc	Slate	1930 Fawn Drive, Cheltenham Township, PA	##1930 Fawn Dr, Pennsylvania, Glenside	US	US
S1-155027115	S2-780856981	S2	Bharat Jai Tech	भारत जय टेक	157, Udyog Kendra Toy Cit, Greater Noida, Bishrakh, Gautam Buddha Nagar, Uttar Pradesh	157, BISHRAKH, GAUTAM BUDDHA NAGAR, Uttar Pradesh	India	India
S1-803590345	S2-719870548	S2	Horizon LLC	Horizon Enterprises	1109 Pea Ridge Road, Huntington, WV		US	US
S1-622515318	S2-594570108	S2	City Food Private Limited	సిటీ ఫుడ్ ప్రైవేట్ లిమిటెడ్	Telangana, K.V.Rangareddy, Serilingampally, Fno B 305 3Rd Floor, Ramky One Kosmos	FNO B 3-05 3RD FLOOR, SERILINGAMPALLY, null, Telangana	India	India
S1-173971969	S3-210351517	S3	Hotel It Pvt Ltd	Htl It Pvt Ltd	Kailash Bihari Singh, Cou, Po-Bhagwan, Chapra, Saran, Bihar	Kailash Bihari Singh, Chapra, BR, Saran	India	India
S1-323747485	S3-13820604	S3	Cacioppo, Webster & Sheets Biopharmaceuticals LLC	cacioppowebster.com	36724 Carter Street, Yucaipa, CA	36724 Carter Street, PMB 1455, Yucaipa, California	US	US
S1-143265439	S3-104196677	S3	Drayex Armour	Drayex [Amrour]	312 Derby Lane, Unit 202, Lexington, NC	Derby Ln, Unit 202, Lexington, North Carolina	US	US
S1-602775749	S3-630600412	S3	Urology Rocky Care Associates	Urology Associates Care Services	4419 27th Street, Unit 11, Phoenix, AZ	4419 27th St, # 11, Phoenix, Arizona	US	US
S1-499302167	S3-909488329	S3	Shree Industries Private Limited	શ્રી Industries પ્રાઇવેટ લિમિટેડ	Plot No. 265, G. I. D. C. Estate Sachin, Surat, Gujarat	Dor No 265, G. I. D. C. Estate Sachin, Vadodara Region, Surat, GJ	India	India
S1-706856946	S3-48972403	S3	Safe Vanguard Properties LLC	Safe Vanguard LLC Services	488 Lakeside Drive, Latonia Ky, KY	488 Lakeside Dr, PO Box 9683, Latonia Ky, Kentucky	US	US
S1-460136045	S3-24612219	S3	Lakshmi It Private Limited	ଲକ୍ଷ୍ମୀ ଆଇଟି ପ୍ରାଇଭେଟ୍ ଲିମିଟେଡ୍	Puri, Orissa, Puri, Station Road	Station Road, Puri, OD	India	India
S1-31205819	S2-673077177	S2	Tirupati Media Pvt Ltd	तिरुपति मीडिया प्रा. लि.	Zeelproperties Panchkutir, Pawarwadi A S Marg Powai, Mumbai, Maharashtra	ZEELPROPERTIES PANCHKUTIR, MUMBAI, महाराष्ट्र	India	India
S1-858511549	S2-808515212	S2	Swastik Logistics Private Limited	స్వస్తిక్ లాజిస్టిక్స్ ప్రైవేట్ లిమిటెడ్	Sy No. 33/1, D No. 2-54/4, Vanasthali Hills, Thattiannaram, Pedamberpet, Hayathnagar, Hyderabad, Telangana	SY NO. D/33/1, HAYATHNAGAR, Andhra Pradesh	India	India
S1-858511549	S3-923282919	S3	Swastik Logistics Private Limited	స్వస్తిక్ లాజిస్టిక్స్ ప్రైవేట్ లిమిటెడ్	Sy No. 33/1, D No. 2-54/4, Vanasthali Hills, Thattiannaram, Pedamberpet, Hayathnagar, Hyderabad, Telangana	Sy No. 33/1, Hyderabad, Hayathnagar, TG	India	India
S1-908551239	S2-225415982	S2	Sun Solutions Private Limited	सन सॉल्यूशंस प्राइवेट लिमिटेड	F No. 403, Sudha Nill Aptt, New P P Colony, Patliputra, Patna, Bihar	F NO. 40, PATNA, Bihar	India	India
S1-856710782	S3-584218851	S3	Sunrise Technologies Limited	ಸನ್‌ರೈಸ್ ಟೆಕ್ನಾಲಜೀಸ್ ಲಿಮಿಟೆಡ್	No.60, 7Th Cross, 8Th Main Bikasipura, Bangalore, Karnataka	No.060, Bangalore, KA, Bangalore	India	India
S1-284710338	S3-215858960	S3	Inter India	Inter Idod	A-2106, Ace Platinum, Block Zeta-1, Plot No Gh 12/1, Greater Noida, Dadri, Gautam Buddha Nagar, Uttar Pradesh	A-106, Gautam Buddha Nagar, Dadri, UP	India	India
S1-609062608	S3-547987157	S3	Surya Investment	ಸೂರ್ಯ ಇನ್ವೆಸ್ಟ್‌ಮೆಂಟ್	No. B-1803, 18Th Floor Ebony Block, Salarpuria Sattva Greenage, Bengaluru, Bangalore, Karnataka	#256 No. B-1803, Bengaluru, Banglore, ಕರ್ನಾಟಕ	India	India
S1-262975311	S2-481203540	S2	Global Trust LLC	G1obal Trust	Leominster, MA, Unit 4, 42 Main Street	MAIN ST, LEOMINSTER, MA	US	US
S1-387418200	S3-373656844	S3	Dixon Learning Center Inc.	Inc. Dixon Center Learning	228 Blue Ridge Drive, Old Hickory, TN	228 Biue Ridge Dr, Old Hickory, Tennessee	US	US
S1-883468618	S3-149911356	S3	Tmr (india) Private Limited	tmrindia.com	Plot No. A 390 391, Riico Growth Centre, Swaroopganj, Hamirgarh, Bhilwara, Rajasthan	Plot No. A 0390 391, Bhilwara, RJ	India	India
S1-460133008	S2-211840924	S2	Lo Blackrock Inc	SERVICES LO INC	9950 N Shore Road, Waconia, MN	9950 NORTH SHORE RD, WACONIA, MN	US	US
S1-898279595	S2-72739055	S2	Star Enterprises Pvt Ltd	स्टार एंटरप्राइजेज प्रा. लि.	North Delhi, Delhi, 26, Prem Niwas Malkaganj Road, Delhi	DELHI, 26, NORTH DELHI	India	India
S1-777555607	S3-10840656	S3	Digital Ventures Limited	डिजिटल वेंचर्स लिमिटेड	New Delhi, Hari Nagar Extention Baderpur, South Delhi, 12-C, Delhi	12-C, N/A, South East, New Delhi, DL	India	India
S1-777555607	S3-632142415	S3	Digital Ventures Limited	डिजिटल वेंचर्स लिमिटेड	New Delhi, Hari Nagar Extention Baderpur, South Delhi, 12-C, Delhi	12-C, N/A, South Delhi, DL	India	India
S1-753180274	S2-122241825	S2	Helios LLC	Helios  LLC Center	306 Wrights Lane, Bldg BRIAN GRIFFITH DENTISTRY, Prestonsburg, KY	WRIGHTS LN, PRESTONSBURG, KY	US	US
S1-211026051	S2-15046666	S2	Gandhinagar Trading Private Limited	GTPRIVATE.COM	B 306 Swagat Rainforest 2, Koba - Kudasan Highway Opp. Swaminarayan Dham, Kudasan, Gandhinagar, Gandhinagar, Gandhi Nagar, Gujarat	B 306 SWAGAT RAINFOREST 2, GANDHINAGAR, GANDHI NAGAR, Gujarat	India	India
S1-511355563	S3-795427322	S3	Hotel Technologies Private Limited	होटल Technologies प्राइवेट लिमिटेड	Pune, Flat No. A5 506, Genesis, Sr. No. 123/1/2 And 123/1/3, Maharashtra, Pune	Sr. No. 123/1/2 And 123/1/3, Pune, महाराष्ट्र	India	India
S1-547971316	S2-201545177	S2	General Design International Inc	GENERAL DESIGN	800 Brommer Street, Unit 27, Santa Cruz, CA	00800 BROMMER ST, SANTA CRUZ TOWNSHIP, CA	US	US
S1-338830003	S3-633453278	S3	Doex LLC	#doex	5421 Lakeside Avenue, Crystal, MN	542 Lakeside Ave, Crystal, Minnesota	US	US
S1-467198990	S3-367123111	S3	National Kensington	National Service	114 3rd Street, West Terre Haute, IN		US	US
S1-724315493	S3-928249286	S3	Cobalt LP	Cobalt LP Center	3300 204th Street, Unit ROOM 12, WA, Lynnwood	3300 204th Street, # ROOM 12, Lynnwood CIYT, Washington	US	US
S1-906572599	S2-665974142	S2	Z & B Entergy	*** Z + B	6801 35th Avenue, Fl 1, Lacey, WA	680 35TH AVENUE, PMB 2233, LACEY, WA	US	US
S1-189831319	S2-585273067	S2	Jai Foods Private Limited	जय फूड्स प्राइवेट लिमिटेड	Netawar, Post - Belaon, Siwan, Siwan, Bihar	NETAWAR, SIWAN, NULL, बिहार	India	India
S1-756304715	S3-452336654	S3	Choice Rate	Choice Rnie	2333 Sierra Madre Court, Rancho Cordova, CA	233 Sierra Madre Court, PMB 1086, Rancho Cordova CITY, California	US	US
S1-930984906	S3-861801469	S3	Shiv Blue Agro Limited	शिव ब्लू एग्रो लिमिटेड	B-154, Basement Dayanand Colony, Lajpat Nagar Iv, Delhi, South Delhi, Delhi	B-54, Delhi, South Delhi, DL	India	India
S1-326888389	S2-874419476	S2	Dream Consulting Private Limited	ડ્રીમ કન્સલ્ટિંગ પ્રાઇવેટ લિમિટેડ	Iskon Mall Office No-331, Nr Big Bazar 150 Ringroad, Rajkot, Gujarat	ISKON MALL OFFICE NO-331, RAJKOT, Gujarat	India	India
S1-41217356	S3-272041321	S3	Dental Valley Specialists LLC	Dental Valley	4 Curtis Street, Peabody, MA	4-8 Curtis Street, Peabody DCP, Massachusetts	US	US
S1-912508322	S2-276782865	S2	Shiv Technologies LLP	ಶಿವ್ ಟೆಕ್ನಾಲಜೀಸ್ ಎಲ್ಎಲ್‌ಪಿ	42, 16Th Cross, 8Th Main Road, Malleswaram, Bengaluru, Bangalore, Karnataka	Karnataka, BENGALURU, 42, BANGALORE	India	India
S1-716442915	S3-355978425	S3	Creative Plum	Creative Center	7371 Denny Drive, North Ridgeville, OH		US	US
S1-56629354	S2-592774385	S2	Classic Engineering Pvt Ltd	క్లాసిక్ ఇంజనీరింగ్ ప్రైవేట్ లిమిటెడ్	7-2-C-14, Industrial Estate, Sanath Nagar, Balanagar, Hyderabad, Telangana	తెలంగాణ, RANGA REDDY, HYDERABAD, B3/7-2-C-14	India	India
S1-530687623	S2-805066778	S2	Dermatology Center	DERMATOLOGY-CANOHTTER	288 Mistletoe Lane, Vincent, AL	AL, PO BOX 1622, 288 MISTLTOE LN, VINCENT	US	US
S1-128347375	S3-507291376	S3	Anand Green Logistics Private Limited	आनंद ग्रीन लॉजिस्टिक्स प्राइवेट लिमिटेड	107 First Floor Plot No-6T.C, Jaina Tower -2 District Centre Janak New Delhi, Delhi, Jaina Tower -2 District Centre Janak New Delhi, Delhi, New Delhi, West Delhi, Delhi	107 First Floor Plot No-6t.c, West Delhi, DL	India	India
S1-912947277	S3-159327306	S3	Biomedical Institute of Technology Pvt Ltd	M/s Ectoyumanyla	Plot No10, Kila No69, 1St Floor, Hans Enclave, Sadar Bazar, Gurgaon, Haryana	Plot No10, Sadar Bazar, Gurgaon, HR	India	India
S1-216986373	S2-535002552	S2	Calderon Hancock LLC	Calderon LLC Center	Springfield, 633 Pleasant Street, OR	SPRINGFIELD TOWNSHIP, OR, 33 PLEASANT ST	US	US
S1-91085118	S2-581064933	S2	Eastern Trading Private Limited	ईस्टर्न ट्रेडिंग प्राइवेट लिमिटेड	Flat No. 204, Building 47, Sector 54/56/58 Seawood, Thane, Maharashtra	THANE, Maharashtra, NO 04, THANE	India	India
S1-399029451	S3-900851502	S3	Global Builders Private Limited	ग्लोबल बिल्डर्स प्राइवेट लिमिटेड	4805/24 Fourth Floor Pvt-2, 24.Bharat Ram Road Darya Ganj, Delhi, Central Delhi, Delhi	805/24 Fourth Floor Pvt-2, Central Delhi, Delhi, DL	India	India
S1-367965660	S3-110382766	S3	Poole, Goe and Voss, LLC	P0ole, Goe and Voss, LLC Services	195 Myers Drive, Gurley, AL	195 Myers Dr, Gurley, Alabama	US	US
S1-763496609	S2-868047179	S2	Shakti Consulting Limited	शक्ति कंसल्टिंग लिमिटेड	Flat No. 8, C Wing, Sai Tower Chs Ltd, Ambadi Road, Vasai West, Thane, Maharashtra	NO 8, THANE, Maharashtra	India	India
S1-645147697	S2-553207883	S2	Wildlife Center	WILDLIFE CENTER  CORPORATION	1020 43rd Street, Minot, ND	##1020 43TH ST, MINOT, ND	US	US
S1-96384915	S3-193368378	S3	Urban Agro LLP	Urban एग्रो LLP	C/O Shree Chand, Vill Maithna Inder Singh, Meerut, Uttar Pradesh	C/o Shree Chand, N/A, Meerut, UP	India	India
S1-403028834	S2-92039499	S2	Piedmont Construction LLC	Viowex	OK, 917 Linn Lane, Yukon	953 LINN LN, YUKON, OK	US	US
S1-837908386	S3-19216036	S3	A Cure 3 You Inc.	cure3you.com	103 Hampton Lee Court, Unit 1A, Cary, NC	103 Hampton Lee Ct, # 1A, Cary, North Carolina	US	US
S1-169108778	S2-650989582	S2	Smart Industries Private Limited	स्मार्ट इंडस्ट्रीज प्राइवेट लिमिटेड	Delhi, South Delhi, New Delhi, Omaxe, Square, Plot No.14, Jasola District Center, Unit No. Ff-48A	UNIT NO. FF-048A, SOUTH DELHI, NEW DELHI, Delhi	India	India
S1-68456921	S2-154545552	S2	Dynamic Hospitality Private Limited	डायनामिक हॉस्पिटैलिटी प्राइवेट लिमिटेड	2Nd Floor, Trivedi Bhawan, Pghpl Group Campus, Opp. Western Gate A.N. College, Boring R, Oad, Patna, Bihar	FLOOR, PATNA, Bihar	India	India
S1-163747087	S3-302914388	S3	Lotus Services Pvt Ltd	लोटस सर्विसेज प्रा. लि.	Floor-2Nd, 45/47, Silver Mansion, Dhanji Street, Zaveri Bazar Mumbadevi, Mandvi, Mumbai, Maharashtra, 17	#141 17, Mumbai, MH	India	India
S1-271585788	S3-219339349	S3	Tirupati Power	तिरुपति पावर	West Delhi, Wz-2D, New Delhi, Nangli Zalib B-1 Janak Puri, Delhi	Wz-2d, West Delhi, DL, New Delhi	India	India
S1-909955989	S2-685701568	S2	New Consultancy LLP	न्यू कंसल्टेंसी एलएलपी	Shop No. 17, Gopal Arcade Poll No. Z-27Ext, Jabalpur, Madhya Pradesh	H.NO 17, JABALPUR, मध्य प्रदेश	India	India
S1-161210403	S3-210777351	S3	Hyderabad Ventures Pvt Ltd	Hyderabad Pvt Ltd  Center	Plot No: 26H To 26K, Tsiic Industrial Park Muppireddy Palli Village, Manoharabad Ma, Ndal, Hyderabad, Medak, Telangana	Plot No: G-26h To 26K, Siddipet, TG	India	India
S1-417526535	S2-566526014	S2	Vanguard Allstate Inc	Center Vanguard Inc	22899 George Lane, Staunton, IL	STAUNTON, IL, 022899 GEORGE LN, PO BOX 2478	US	US
S1-305403960	S2-771841018	S2	Urban Food Private Limited	अर्बन फूड प्राइवेट लिमिटेड	5 East Avas Vikas Colony, Betiahata, Gorakhpur, Uttar Pradesh	5 EAST AVAS VIKAS COLONY, BETIAHATA, CIVIL LINES, उत्तर प्रदेश	India	India
S1-184229550	S3-309100086	S3	High Hari Constructions Pvt Ltd	हाई हरि कंस्ट्रक्शंस प्रा. लि.	Office No. 325, Sector 17, Vardhaman Market, Thane, Maharashtra	Office No. 325, Thane, महाराष्ट्र	India	India
S1-872302647	S3-56614947	S3	Lucky Pilates Inc	Lucky Inc Pi1ates	321 21st Street, Unit C, Newark, OH		US	US
S1-192327811	S2-622284434	S2	NP Global Company	*** NP Gbohla Company	61 T/F, Third Floor, Vijay Block, East Delhi, Delhi	NO 61 T/F, EAST DELHI, Delhi	India	India
S1-883973644	S2-346262429	S2	Global Hovnanian LLC	GLOBAL HOGNANINN LLC	4024 39th Avenue, Seattle, WA	4024B 39RD AVE, SEATTLE, WA	US	US
S1-399029451	S2-109155437	S2	Global Builders Private Limited	ग्लोबल बिल्डर्स प्राइवेट लिमिटेड	4805/24 Fourth Floor Pvt-2, 24.Bharat Ram Road Darya Ganj, Delhi, Central Delhi, Delhi	4805/24. FOURTH FLOOR PVT-2, CENTRAL DELHI, Delhi	India	India
S1-644411036	S3-748008326	S3	Steele Express Bhav LLC	Steele  Express LLC Center	400 6th Street, Scotts Mills, OR	400 Sixth Saint, Scotts Mills, Oregon	US	US
S1-164240371	S3-565742141	S3	Family Association	Family [Services]	OH, Fl 3, Columbus, 5059 Enclave Boulevard	Ohio, Floor 3, Westerville Citty, 5059 Enclave Blvd	US	US
S1-630223771	S3-697578371	S3	All International LLP	ऑल इंटरनेशनल एलएलपी	Office 105, Flr-1, Sujata Chambers, Abhaychand Gandhi Marg, Mirchi Gully Masjid Stn Man, Dvi, Mumbai, Mumbai City, Maharashtra	Office C-105, Mumbai (SUBURBAN), MH, Mumbai City	India	India
S1-464518977	S2-558613710	S2	Onyx Alpine LLC	Onyx Aflgedine LLC	3212 59th Street, Seattle, WA		US	US
S1-326888389	S3-949078621	S3	Dream Consulting Private Limited	... Dream Consulting Limited Center	Iskon Mall Office No-331, Nr Big Bazar 150 Ringroad, Rajkot, Gujarat	Iskon Mall Office No-331, Surat, Rajkot, GJ	India	India
S1-552720726	S2-524158368	S2	ZX Chit Private Limited	Pae ZX Chit Limited	50/1112, D11 2Nd Floor, Muhammad Haji Building Station Junction, Edappally P.O, Kochi, Ernakulam, Kerala	A-50/1112, N/A, KOCHI, Kerala	India	India
S1-45414958	S3-705745228	S3	Royal Agro Limited	रॉयल एग्रो लिमिटेड	A-2 Devli Road, Khan Pur, South Delhi, Delhi	Block G-904 A-2 Devli Road, South Delhi, Khan Pur, DL	India	India
S1-49535321	S3-354847677	S3	Primary Care First Physicians	primarycarefirst.com	IN, Milford, 6235 1100	006235 1100, Milford, Indiana	US	US
S1-89093509	S3-3598545	S3	Saini Drinks Limited	Sri sainidrinks.com	D 35 Pocket C Mayur Vihar Phase Ii, East Delhi, Delhi	D G-35 Pocket C Mayur Vihar Phase Ii, Preet Vihar, DL	India	India
S1-7040061	S3-514292379	S3	South Tech Private Limited	సౌత్ టెక్ ప్రైవేట్ లిమిటెడ్	Sy No. 172, Plot No. 2-56, Anantharam Village, Gummadidala Mandal, Sangareddy, Medak, Telangana	Medak, TG, Sy No. 172, Sangareddy	India	India
S1-311090979	S3-651529833	S3	Brewster Rivernorth LLC	Brewster LLC Services	Charlotte, NC, 1307 Briar Creek Road	1307 Briar Creek Road, Charltote CITY, North Carolina	US	US
S1-932539298	S2-780145988	S2	Escobedo Smart of Williamson	*** ESCOBEDO SMART OF WBILMIASON	NY, Williamson, 6475 Salmon Creek Road	6475-6479 SALMON CREEK ROAD, null, WILLIAMSON CITY, NY	US	US
S1-91085118	S2-147057908	S2	Eastern Trading Private Limited	ईस्टर्न ट्रेडिंग प्राइवेट लिमिटेड	Flat No. 204, Building 47, Sector 54/56/58 Seawood, Thane, Maharashtra	FLAT NO. 04, THANE, Maharashtra	India	India
S1-641579109	S2-196228165	S2	Unique Developers Private Limited	ইউনিক ডেভেলপারস প্রাইভেট লিমিটেড	104/A, Block F, 32 Jnan Goswami Sarani, Kolkata, Kolkata, Howrah, West Bengal	104/A, CALCUTTA, HOWRAH, West Bengal	India	India
S1-829348020	S2-708805610	S2	All Management Limited	ALL MTANIAEGMBNT LIMITED	52-12-1 Rajendra Nagar, Rajahmundry, Guntur, Andhra Pradesh		India	India
S1-720173062	S2-332450198	S2	Maurita's Crystal Wellness Inc	Vantagesol	20198 Brookview Square, Loudoun County, VA	20197 BROOKVIEW SQ, ASHBURRN CITY, VA	US	US
S1-218948566	S3-666592235	S3	Vision Global Solutions Private Limited	विजन ग्लोबल सॉल्यूशंस प्राइवेट लिमिटेड	Pune, Midc, Industrial Estate Bhosari, W51, Pune, Maharashtra	Greater Bombay, MH, W51, Pune	India	India
S1-966027321	S2-4379937	S2	Probst & Duran Newhold LLC	NYLADREX	Boston, 31 Floyd Street, MA	31D FLOYD STREET, BOSTON, MA	US	US
S1-419483044	S2-497881051	S2	King Aria LLC	kingaria.com	215 Grand Avenue, Unit Apartment 609, Old Orchard Beach, ME	00215 GRAND AVE, OLD ORCHARD BEACH, ME	US	US
S1-63719584	S3-513217341	S3	Marissa N. Westbrook, Ph.D.	Evoxylo	132 White Pine Lane, West Jefferson, NC	32 White Pine Ln, West Jefferson, North Carolina	US	US
S1-330281696	S2-448188089	S2	New International Private Limited	न्यू इंटरनेशनल प्राइवेट लिमिटेड	B-148, Vikas Vihar Vikas Nagar, Uttam Nagar, New Delhi, West Delhi, Delhi	Delhi, SOUTH WEST DELHI, WEST DELHI, B-148	India	India
S1-326888389	S2-884357873	S2	Dream Consulting Private Limited	ડ્રીમ કન્સલ્ટિંગ પ્રાઇવેટ લિમિટેડ	Iskon Mall Office No-331, Nr Big Bazar 150 Ringroad, Rajkot, Gujarat	ISKON MALL OFFICE NO-331, RAJKOT, ગુજરાત	India	India
S1-98579303	S3-719484948	S3	Indian Technologies	Indian Services	Flat 19/1/16, Nabin Chandra Das Road, Kolkata, Kolkata, Howrah, West Bengal	Flat 19/1/16, Kolkata, Howrah, পশ্চিমবঙ্গ	India	India
S1-430842276	S2-965662594	S2	North Solutions Private Limited	नॉर्थ सॉल्यूशंस प्राइवेट लिमिटेड	Plot No. 18 Bhaisaura, Gomti Nagar Extension, Lucknow, Uttar Pradesh	DOOR NO 18 BHAISAURA, LUCKNOW, Uttar Pradesh	India	India
S1-699955992	S2-619457951	S2	Diaz Grifols LLC	Diaz Grirgnls LLC	3817 Crane Street, Independence, MO	3834 CRANE ST, INDEPENDENCE, MO	US	US
S1-448345019	S3-462678740	S3	Urban Construction Private Limited	Urban Private  Limited Center	Flat No. B1/604, Minar Regency Talao Pali Mumbra, Thane, Maharashtra	Door No 899 Flat No. B1/604, Thane, महाराष्ट्र	India	India
S1-339374417	S3-242628819	S3	YD Services Private Limited	ydservices.com	22/957, Swasthi, Thanapadom Sariga Club Road, Thanapadom, Kakkanad, Ernakulam, Kerala	22/957, Ernakulam, KL	India	India
S1-189831319	S2-833352658	S2	Jai Foods Private Limited	जय फूड्स प्राइवेट लिमिटेड	Netawar, Post - Belaon, Siwan, Siwan, Bihar	NETAWAR, SIWAN, NULL, Bihar	India	India
S1-648894561	S3-829470335	S3	Supreme Consultants Private Limited	सुप्रीम Consultants प्राइवेट लिमिटेड	236 & 237, The Galleria Dlf, Second Floor, Mayur Vihar Ext-1, Noida Link Road, New Delhi, East Delhi, Delhi	New Delhi, East Delhi, H.no 236 & 237, DL	India	India
S1-140279129	S3-435629068	S3	Vasai Enterprises	Vasai-Entetress	A902 Palm Spring Building, Joyville Pallonji Virar, Vasai, Thane, Maharashtra	MH, Thane, A902 Palm Spring Building	India	India
S1-246478198	S2-296004580	S2	Modern Marketing Private Limited	మోడర్న్ మార్కెటింగ్ ప్రైవేట్ లిమిటెడ్	5-8-49/2/1/A, Gadwal Compound, Nampally, Hyderabad, Telangana	5-8-49/2/1/A, HYDERABAD, Andhra Pradesh	India	India
S1-829420372	S3-601412026	S3	Dental Physicians LLC	Dental Phybcsians LLC	245 Indian Lake Boulevard, Unit E308, Hendersonville, TN		US	US
S1-206894799	S2-984757330	S2	Dynamic Exports Pvt Ltd	ಡೈನಾಮಿಕ್ ಎಕ್ಸ್‌ಪೋರ್ಟ್ಸ್ ಪ್ರೈವೇಟ್ ಲಿಮಿಟೆಡ್	#56, Saint Thomos School Road, Industrial Suburb, Vishweshwara Nagar, Mysore, Karnataka	#56, VISHWESHWARA NAGAR, MYSORE, ಕರ್ನಾಟಕ	India	India
S1-609062608	S2-832976130	S2	Surya Investment	ಸೂರ್ಯ ಇನ್ವೆಸ್ಟ್‌ಮೆಂಟ್	No. B-1803, 18Th Floor Ebony Block, Salarpuria Sattva Greenage, Bengaluru, Bangalore, Karnataka	PLOT 906 NO. B-1803, BANGALORE, Karnataka	India	India
S1-131053132	S2-535908446	S2	All Industrial Innovations	ALL INDUSTRIAL INVNAITONS	2110 Knox School Road, Greene, NC	2110 Knox School Rd, WALSTONBURG, NC	US	US
S1-888167789	S3-73898561	S3	Eye Clinic Center	Clinic Eye Clsenettr	501 Harris Street, Madill, OK	Harris St, Madill, Oklahoma	US	US
S1-459696014	S2-724357562	S2	Arihant Builders Private Limited	अरिहंत बिल्डर्स प्राइवेट लिमिटेड	11A, Lic Office Ke Piche Indra Nagar, Dibiyapur, Auraiya, Etawa, Uttar Pradesh	11A, AURAIYA, ETAWA, Uttar Pradesh	India	India
S1-908551239	S3-719062371	S3	Sun Solutions Private Limited	सन सॉल्यूशंस प्राइवेट लिमिटेड	F No. 403, Sudha Nill Aptt, New P P Colony, Patliputra, Patna, Bihar	बिहार, Patna, F No. 403	India	India
S1-360909582	S3-941669819	S3	Coastal School of Medicine	Coastal School of [Center]	3 Astor Ridge Drive, Unit Unit D, Amherst, NY	Astor Ridge Drive, # Unit D, Bufalo, New York	US	US
S1-6381641	S3-894616241	S3	Tirupati Technology LLP	Tirupati Technortoyg LLP	Plot No.407, Sri Swamy Ayyappa Society, Co-Operative Society, Madhapur, Hyderabad, Telangana	Door No 407, Rangareddi, Hyderabad, తెలంగాణ	India	India
S1-90128015	S3-291341707	S3	Valley Charter School	Valley Chadttr School #87623	VA, Prince William County, 1541 Colonial Drive, Unit UNIT 303	1541-1545 Colonial Drive, Unit UNIT 303, Woodbridge, Virginia	US	US
S1-28205922	S3-368374810	S3	Green Aerospace Company	greenaerospace.com - 4465701978	Richmond, KY, 613 Beaumont Court	613 Beaumont Ct, Richmond, Kentucky	US	US
S1-505090910	S3-198363277	S3	Main Street Deli	main street deli Enterprises	2538 Wah Avenue, Sacramento, CA		US	US
S1-535605149	S3-426905497	S3	Supreme Engineering LLP	Bríxcira	Shop-04, Gut-41/2, Plot-3/A, 3/B, Pratham Park, Panvel, Raigarh(Mh), Maharashtra	MH, Gut-41/2, Plot-3/a, 3/B, Pratham Park, null, Shop-04, Panvel	India	India
S1-460136045	S2-983138087	S2	Lakshmi It Private Limited	ଲକ୍ଷ୍ମୀ ଆଇଟି ପ୍ରାଇଭେଟ୍ ଲିମିଟେଡ୍	Puri, Orissa, Puri, Station Road	STATION ROAD, PURI, ଓଡ଼ିଶା	India	India
S1-281356776	S3-328402545	S3	Allied Educational Society	Smt Allied Educational Services	Gurugram, Gurgaon, Haryana, H-115 South City 2 Gurugram		India	India
S1-356319224	S3-884878054	S3	Womens Health Care	Womens Hcmaiet Care	32 Lexington Avenue, Unit 1, Somerville, MA	Lexington Avenue, null, Somerville, Massachusetts	US	US
S1-800294363	S2-90945076	S2	Great Investments Private Limited	ಗ್ರೇಟ್ ಇನ್ವೆಸ್ಟ್‌ಮೆಂಟ್ಸ್ ಪ್ರೈವೇಟ್ ಲಿಮಿಟೆಡ್	106, 8Th Main Road Malleswaram West, Bangalore, Karnataka	106, BANGALORE, BENGALURU URBAN, Karnataka	India	India
S1-16609748	S2-54823044	S2	Midwest Mountain Wells LLC	Midwest Muntbeani Wells LLC	2140 71st Street, Lubbock, TX	2140 71TH SAINT, LUBBOCK, TX	US	US
S1-75134768	S3-146641895	S3	Urban Tech	আরবান টেক	Calcutta, 71 B R B Basu Rd, West Bengal, Kolkata	71 B R B Basu Rd, North 24 Paraganas, Calcutta, WB	India	India
S1-801212938	S2-500161656	S2	Keystone Infrastructure Brands L.L.C.	Keystone Infeetsurcute Brands L.L.C.	1147 11th Alley, Eugene, OR	1147 11ST ALLEY, PMB 8594, EUGNEE, OR	US	US
S1-27158214	S2-614863359	S2	Darby Thomas News LLC	DARBY THOMAS THOMAS	125 Seward Street, Smyrna, TN	125 SEWARD ST, SMYRNA CITY, TN	US	US
S1-891130183	S3-582732774	S3	Bright Media Pvt Ltd	ब्राइट मीडिया प्रा. लि.	House-045, Baraipatti Baban Rai'S, Gopalganj, Bihar	House-045, Gopalganj, BR	India	India
S1-51101506	S2-292920646	S2	Krishna Media Pvt Ltd	കൃഷ്ണ മീഡിയ പ്രൈവറ്റ് ലിമിറ്റഡ്	House No. 8.64, Kva House Naduvattom - Karinkallthani Road Ayilakkad Po, Malappuram, Malappuram, Malapuram, Kerala	HOUSE NO. 7.64, MALAPURAM, MALAPPURAM, Kerala	India	India
S1-942104958	S3-915116552	S3	Force Wealthtech Private Limited	Force Waefobhtbeh Private Limited	Pune, 148, Maharashtra, Pune, Ganesh Nagar Colony No. 12 Pune	No. 415 148, Pune, MH	India	India
S1-437415597	S2-248645594	S2	Sunderland and Vasile Charlton	svcharlton.com	1495 Minnow Lake Road, City Of Phillips, WI	1495 MINNOW LAKE ROAD, PHILILPS, WI	US	US
S1-208942438	S3-514453547	S3	Phillips & Christensen Storage Inc	Inc Phillips And Chritensen Storage	UT, Vernal, 48 100	48-D 100, Vernal, Utah	US	US
S1-422772138	S2-44066783	S2	Real Enterprises Private Limited	reprivate.com	Shop No G 10, Parksyde Business Avenue, Nashik, Maharashtra	SHOP NO G #10, NASHIK, Maharashtra	India	India
S1-648894561	S3-792976560	S3	Supreme Consultants Private Limited	सुप्रीम कंसल्टेंट्स प्राइवेट लिमिटेड	236 & 237, The Galleria Dlf, Second Floor, Mayur Vihar Ext-1, Noida Link Road, New Delhi, East Delhi, Delhi	East Delhi, Door No 236 & 237, New Delhi, दिल्ली	India	India
S1-526349990	S3-408891606	S3	Peak Cloud Concepts	Peak Cloud Coicrpts	736 Ardmore Lane, Shelbyville, KY	736 Ardmore Ln, Shelbyville, Kentucky	US	US
S1-338840619	S2-711927056	S2	Quartz, LLC	Quartz, LLC Enterprises	602 723, Bldg Residence, Crittenden County, KY		US	US
S1-710909094	S3-17904782	S3	Halley Parker American Corporation	Nylatavo	4502 Indian School Road, Unit 221, Phoenix, AZ	4502 Indian School Rd, PMB 9847, Arcadia, Arizona	US	US
S1-216511119	S3-700997777	S3	Surya Energy Private Limited	सूर्या Energy प्राइवेट लिमिटेड	Nagar Jaipur, Hans Marg, C-252-A, Malviya Nagar, Rajasthan	Malviya Nagar, C-252-a, Hans Marg, Malviya Nagar, RJ	India	India
S1-658336143	S2-955208024	S2	Bharat Projects Private Limited	भारत प्रोजेक्ट्स प्राइवेट लिमिटेड	Wz-1390/12B, Near Janakpuri D Block Pankha Road, Nagal Rai, New Delhi, West Delhi, Delhi	WEST DELHI, Delhi, NEW DELHI, WZ-1390/12B	India	India
S1-226564818	S2-891882828	S2	Literacy Fund LLC	LITERACY FUND Enterprises	414 B White Oak Street, High Point, NC		US	US
S1-545839168	S2-982077727	S2	Merla Bagwell Complete Media, Inc	@merlabagwell	85 India Row, Unit 30-E, Boston, MA	MA, BOSOTN, #340 INDIA ROW	US	US
S1-328371553	S2-737909912	S2	Rajdhani Holdings	Rajdhani Corp	Noida, Uttar Pradesh, Habibpur, Greater Noida, C/O Daya Chandra R/O Shop No.5 D Sharma Market, Gautam Buddha Nagar	DOOR NO 844 C/O DAYA CHANDRA R/O SHOP NO.5 D SHARMA MARKET, HABIBPUR, GREATER NOIDA, NOIDA, उत्तर प्रदेश	India	India
S1-552658307	S3-660932884	S3	Yamuora Agro Pvt. Ltd.	yamuoraagro.com	Gr Fl-Fr, Fl-13/ Higu, 13/2 Biren Roy Road(West), Kolkata, Kolkata, Howrah, West Bengal	Gr Fl-fr, Calcutta, Howrah, পশ্চিমবঙ্গ	India	India
S1-584499457	S3-506634954	S3	Tucker Heritage Restaurant LLC	Tucker Heritage LLC (Services)	4777 Casey Lane, Phoenix, AZ	Casey Ln, Cave Creek, Arizona	US	US
S1-908498505	S2-410769724	S2	LO Venture LLC	LO Vr LLC	620 2nd Street, City Of Baraboo, WI	CITY OF BARABOO, 620 SECOND ST, WI	US	US
